sample,title,source,char1,char2,char3,char4,char5,char6,char7,char8,char9,char10,char11,group
GSM391693,Liver_Lean_rep1,liver,gender: Female,age: 52,body mass index (kg/m2): na,hemoglobin a1c: 5.6,fasting glucose: 105.0,fasting insulin: 9.3,si: na,sg: na,cholesterol: na,triglycerides: na,hdl: na,exclude
GSM391694,Liver_Lean_rep2,liver,gender: Female,age: 26,body mass index (kg/m2): 21.4,hemoglobin a1c: 4.8,fasting glucose: 76.0,fasting insulin: 2.1,si: na,sg: na,cholesterol: na,triglycerides: na,hdl: na,exclude
GSM391695,Liver_Lean_rep3,liver,gender: Female,age: 43,body mass index (kg/m2): 29.9,hemoglobin a1c: 5.1,fasting glucose: 78.0,fasting insulin: 1.8,si: na,sg: na,cholesterol: na,triglycerides: na,hdl: na,exclude
GSM391696,Liver_Lean_rep4,liver,gender: Female,age: 25,body mass index (kg/m2): 25.5,hemoglobin a1c: 5.0,fasting glucose: 94.5,fasting insulin: 14.8,si: na,sg: na,cholesterol: na,triglycerides: na,hdl: na,exclude
GSM391697,Liver_Lean_rep5,liver,gender: Female,age: 35,body mass index (kg/m2): 18.9,hemoglobin a1c: 5.4,fasting glucose: 74.0,fasting insulin: 3.4,si: na,sg: na,cholesterol: na,triglycerides: na,hdl: na,exclude
GSM391698,Liver_Obese_noDM_rep1,liver,gender: Female,age: 52,body mass index (kg/m2): 45.7,hemoglobin a1c: 5.3,fasting glucose: 85.8,fasting insulin: 5.5,si: 2.6,sg: 0.0139,cholesterol: 196.0,triglycerides: 71.0,hdl: 49.0,control
GSM391699,Liver_Obese_noDM_rep2,liver,gender: Female,age: 42,body mass index (kg/m2): 56.2,hemoglobin a1c: 5.0,fasting glucose: 100.5,fasting insulin: 52.2,si: 0.2,sg: 0.0175,cholesterol: 202.0,triglycerides: 154.0,hdl: 40.0,control
GSM391700,Liver_Obese_noDM_rep3,liver,gender: Male,age: 36,body mass index (kg/m2): 50.9,hemoglobin a1c: 5.2,fasting glucose: 78.5,fasting insulin: 16.0,si: 0.0,sg: 0.0187,cholesterol: 121.0,triglycerides: 69.0,hdl: 40.0,control
GSM391701,Liver_Obese_noDM_rep4,liver,gender: Female,age: 26,body mass index (kg/m2): 53.3,hemoglobin a1c: 5.1,fasting glucose: 85.0,fasting insulin: 12.9,si: na,sg: na,cholesterol: na,triglycerides: na,hdl: na,control
GSM391702,Liver_Obese_DM_well-controlled_rep1,liver,gender: Female,age: 31,body mass index (kg/m2): 53.5,hemoglobin a1c: 5.6,fasting glucose: 111.0,fasting insulin: 40.7,si: 0.0,sg: 0.0193,cholesterol: 204.0,triglycerides: 153.0,hdl: 39.0,T2D
GSM391703,Liver_Obese_DM_well-controlled_rep2,liver,gender: Male,age: 47,body mass index (kg/m2): 55.3,hemoglobin a1c: 7.0,fasting glucose: 190.0,fasting insulin: 2.7,si: na,sg: na,cholesterol: 143.0,triglycerides: 303.0,hdl: 27.0,T2D
GSM391704,Liver_Obese_DM_well-controlled_rep3,liver,gender: Female,age: 54,body mass index (kg/m2): 57.9,hemoglobin a1c: 6.3,fasting glucose: 160.5,fasting insulin: 33.0,si: 0.3,sg: 0.0165,cholesterol: 175.0,triglycerides: 89.0,hdl: 48.0,T2D
GSM391705,Liver_Obese_DM_well-controlled_rep4,liver,gender: Female,age: 49,body mass index (kg/m2): 38.2,hemoglobin a1c: 6.1,fasting glucose: 151.0,fasting insulin: 54.8,si: na,sg: na,cholesterol: na,triglycerides: na,hdl: na,T2D
GSM391706,Liver_Obese_DM_well-controlled_rep5,liver,gender: Female,age: 63,body mass index (kg/m2): 46.6,hemoglobin a1c: 6.0,fasting glucose: 103.0,fasting insulin: 4.1,si: na,sg: na,cholesterol: na,triglycerides: na,hdl: na,T2D
GSM391707,Liver_Obese_DM_poorly-controlled_rep1,liver,gender: Male,age: 56,body mass index (kg/m2): 51.6,hemoglobin a1c: 9.3,fasting glucose: 193.3,fasting insulin: 17.2,si: 0.3,sg: 0.1230,cholesterol: 161.0,triglycerides: 306.0,hdl: 42.0,T2D
GSM391708,Liver_Obese_DM_poorly-controlled_rep2,liver,gender: Female,age: 36,body mass index (kg/m2): 57.6,hemoglobin a1c: 8.8,fasting glucose: 134.3,fasting insulin: 106.6,si: 0.0,sg: 0.0000,cholesterol: na,triglycerides: na,hdl: na,T2D
GSM391709,Liver_Obese_DM_poorly-controlled_rep3,liver,gender: Male,age: 26,body mass index (kg/m2): 59.4,hemoglobin a1c: 10.4,fasting glucose: 306.0,fasting insulin: 95.0,si: na,sg: na,cholesterol: 199.0,triglycerides: 162.0,hdl: 45.0,T2D
GSM391710,Liver_Obese_DM_poorly-controlled_rep4,liver,gender: Female,age: 53,body mass index (kg/m2): 51.5,hemoglobin a1c: 11.2,fasting glucose: na,fasting insulin: na,si: na,sg: na,cholesterol: 162,triglycerides: 102.0,hdl: 50,T2D
