variant_id,eGene,pip,beta,nearest,AG_top,AG_top_expressed,n_genes,eGene_rank_AG,near_score,near_q,top_score,top_q,topx_score,topx_q,egene_score,egene_q
14_102922602_C_G,ENSG00000166126,1.0,-0.189718,ENSG00000166126,ENSG00000166126,ENSG00000166126,12,1.0,-0.5575042,0.99999917,-0.5575042,0.99999917,-0.5575041770935059,0.9999991655349731,-0.5575041770935059,0.9999991655349731
21_44057219_G_A,ENSG00000241945,1.0,1.11392,ENSG00000160218,ENSG00000160207,ENSG00000160209,24,8.0,0.00018519163,0.6619072,-0.0040215254,0.9895757,-0.0007349644438363612,0.723420262336731,-0.0007364352350123227,0.7313966155052185
X_149527012_G_T,ENSG00000241489,0.999999999999971,-0.794631,ENSG00000010404,ENSG00000156009,ENSG00000197021,14,4.0,4.1864812e-05,0.63238406,0.0065046945,0.99826187,-0.0010017057647928596,0.7541655898094177,-0.0006188154220581055,0.6805196404457092
2_127648067_C_T,ENSG00000144230,0.999999999999958,1.73469,ENSG00000144230,ENSG00000072163,ENSG00000115718,14,3.0,0.002766331,0.99920225,-0.013006091,0.9986743,-0.004386427346616983,0.9788793921470642,0.002766330959275365,0.9992022514343262
1_109509517_A_G,ENSG00000181754,0.999999999999467,0.857689,ENSG00000181754,ENSG00000181754,ENSG00000198758,28,1.0,0.14525159,0.9999814,0.14525159,0.9999814,0.0032399389892816544,0.9694861173629761,0.1452515870332718,0.9999814033508301
19_44857967_G_A,ENSG00000130202,0.999999999998519,-0.791477,ENSG00000130202,ENSG00000130202,ENSG00000130202,34,1.0,-0.06610032,0.999928,-0.06610032,0.999928,-0.06610032171010971,0.9999279975891113,-0.06610032171010971,0.9999279975891113
6_135302695_C_T,ENSG00000135541,0.999999999942493,-0.718696,ENSG00000118513,ENSG00000135541,ENSG00000118514,4,1.0,-0.0014483929,0.879187,-0.006672263,0.99922884,-0.0031827192287892103,0.9651346802711487,-0.006672263145446777,0.999228835105896
19_13763485_G_A,ENSG00000037757,0.999999999788178,-2.07556,ENSG00000037757,ENSG00000187867,ENSG00000105011,21,9.0,0.0012503043,0.90030324,0.0058896244,0.99304605,0.0015600770711898804,0.9694861173629761,0.0012503042817115784,0.9003032445907593
22_18531430_G_A,ENSG00000278558,0.999999999779882,-0.713784,ENSG00000278558,ENSG00000274252,ENSG00000288683,13,2.0,-0.003140251,0.98273104,-0.005245129,0.9953638,0.0003102123737335205,0.6982934474945068,-0.0031402509193867445,0.98273104429245
X_2952412_C_T,ENSG00000157399,0.999999999775294,-0.468667,ENSG00000157399,ENSG00000062096,ENSG00000056998,10,8.0,-0.00026948252,0.9795758,0.0034825802,0.98921835,0.0013931974535807967,0.9151803255081177,-0.00026948252343572676,0.9795758128166199
21_42993347_G_A,ENSG00000160200,0.999999999716928,-0.991367,ENSG00000160199,ENSG00000233056,ENSG00000160191,11,4.0,0.0005318721,0.74676645,-0.004108151,0.9858853,-0.0011184016475453973,0.925530195236206,-0.001553654670715332,0.8829761743545532
6_3003736_A_G,ENSG00000124588,0.999999996962651,-0.677277,ENSG00000124588,ENSG00000145949,ENSG00000124588,12,2.0,-0.001732952,0.99230486,-0.002883792,0.9774153,-0.0017329519614577293,0.9923048615455627,-0.0017329519614577293,0.9923048615455627
4_186200855_C_A,ENSG00000145476,0.999999996560733,-0.720369,ENSG00000290316,ENSG00000164344,ENSG00000164344,10,3.0,0.003933221,0.9723945,0.0040353537,0.97585106,0.004035353660583496,0.9758510589599609,0.002900143386796117,0.98273104429245
5_71044045_G_T,ENSG00000145736,0.999999995544772,-0.864914,ENSG00000249437,ENSG00000145736,ENSG00000145734,5,1.0,-0.0005576213,0.862855,0.0012879372,0.9123854,-3.523379564285278e-05,0.5319889783859253,0.0012879371643066406,0.9123854041099548
1_111195494_T_G,ENSG00000162777,0.999999989901918,0.696171,ENSG00000064886,ENSG00000162777,ENSG00000134255,16,1.0,-0.0013122124,0.993716,0.013820946,0.9997209,0.0034040312748402357,0.9989179968833923,0.013820946216583252,0.9997208714485168
22_50562842_G_A,ENSG00000217442,0.999999989044447,1.45962,ENSG00000217442,ENSG00000217442,ENSG00000025708,31,1.0,0.8291435,0.9999997,0.8291435,0.9999997,-0.003046321449801326,0.9809011220932007,0.8291435241699219,0.9999997019767761
16_15036083_C_T,ENSG00000183793,0.99999998052953,0.82481,ENSG00000157045,ENSG00000179889,ENSG00000179889,14,9.0,0.0013946518,0.8829762,-0.0049643777,0.98438704,-0.004964377731084824,0.9843870401382446,0.0007557471399195492,0.8712619543075562
11_1941470_C_T,ENSG00000214026,0.999999953818962,-1.07299,ENSG00000214026,ENSG00000244242,ENSG00000214026,30,3.0,-0.004475549,0.986804,0.006963253,0.9946926,-0.00447554886341095,0.9868040084838867,-0.00447554886341095,0.9868040084838867
13_46675725_A_G,ENSG00000136141,0.999999945199742,0.467678,ENSG00000139684,ENSG00000136167,ENSG00000139684,6,6.0,0.00019902115,0.57881373,-0.0021039322,0.9662766,0.0001990211458178237,0.5788137316703796,7.696946704527363e-05,0.8444979190826416
20_63365354_A_G,ENSG00000101204,0.999999797651836,-0.100687,ENSG00000101204,ENSG00000101204,ENSG00000101216,32,1.0,0.06551912,0.99990237,0.06551912,0.99990237,0.001226236461661756,0.823915958404541,0.06551911681890488,0.9999023675918579
19_43984200_G_A,ENSG00000204920,0.999999769160732,-1.09616,ENSG00000204920,ENSG00000204920,ENSG00000167378,39,1.0,-0.4398117,0.99999857,-0.4398117,0.99999857,0.0012346903095021844,0.7884218692779541,-0.43981170654296875,0.9999985694885254
1_1689221_G_A,ENSG00000008128,0.999999674763875,-1.35337,ENSG00000189339,ENSG00000169885,ENSG00000224051,40,37.0,-0.00038376698,0.600902,-0.0048352084,0.98807174,0.0021211456041783094,0.9445600509643555,-0.0001135865823016502,0.5440254807472229
19_35309759_G_T,ENSG00000012124,0.99999938350811,-1.09172,ENSG00000012124,ENSG00000105695,ENSG00000105697,45,2.0,-0.054655552,0.9998719,-0.42793158,0.9999984,0.008490397594869137,0.9983197450637817,-0.05465555191040039,0.9998719096183777
14_90330430_A_G,ENSG00000119720,0.999999239814876,0.736697,ENSG00000119720,ENSG00000119720,ENSG00000100764,7,1.0,0.012199382,0.99934894,0.012199382,0.99934894,0.0018073966493830085,0.9497836828231812,0.012199382297694683,0.9993489384651184
19_5293037_C_T,ENSG00000105426,0.999999201114895,0.51107,ENSG00000105426,ENSG00000167733,ENSG00000105355,20,19.0,-4.5975048e-05,0.99937063,0.0019868214,0.94456005,0.0018006762256845832,0.9346602559089661,-4.59750481240917e-05,0.9993706345558167
19_52781467_C_G,ENSG00000189190,0.999999168992843,0.627492,ENSG00000189190,ENSG00000189190,ENSG00000167766,29,1.0,0.003371497,0.9976429,0.003371497,0.9976429,0.0002806583943311125,0.823915958404541,0.003371496917679906,0.9976428747177124
19_52897507_C_A,ENSG00000182986,0.999996452377373,-0.486002,ENSG00000182986,ENSG00000182986,ENSG00000170949,28,1.0,-0.09196786,0.9999487,-0.09196786,0.9999487,0.0030912160873413086,0.9560081958770752,-0.0919678583741188,0.9999486804008484
12_51849336_C_G,ENSG00000261308,0.999995996480407,0.571514,ENSG00000261308,ENSG00000261308,ENSG00000123395,19,1.0,0.13333921,0.9999838,0.13333921,0.9999838,-0.0009592175483703613,0.7391777634620667,0.13333921134471893,0.9999837875366211
19_2936537_G_A,ENSG00000175691,0.999995639953438,1.28643,ENSG00000175691,ENSG00000178297,ENSG00000125912,24,2.0,-0.00483799,0.993716,0.0073109865,0.99595016,0.0018635293236002326,0.8752831816673279,-0.004837989807128906,0.9937160015106201
19_10002012_A_G,ENSG00000080573,0.99999535653248,0.598922,ENSG00000080573,ENSG00000105376,ENSG00000244165,35,6.0,0.0012948116,0.99089086,-0.004935503,0.99451023,-0.0014902303228154778,0.8712619543075562,0.001294811605475843,0.9908908605575562
16_31393250_T_C,ENSG00000156886,0.999994235609637,0.603484,ENSG00000156886,ENSG00000156886,ENSG00000099377,33,1.0,0.32662323,0.9999982,0.32662323,0.9999982,0.002847858937457204,0.9427042603492737,0.32662323117256165,0.9999982118606567
6_130053316_T_A,ENSG00000198945,0.999992688178611,-0.866761,ENSG00000198945,ENSG00000146376,ENSG00000146376,5,4.0,-0.00022069614,0.7313966,-0.001174604,0.78842187,-0.0011746040545403957,0.7884218692779541,-0.00022069613623898476,0.7313966155052185
14_94129652_T_C,ENSG00000119632,0.999982448343046,-0.511389,ENSG00000119632,ENSG00000119632,ENSG00000119632,22,1.0,-0.26269603,0.9999978,-0.26269603,0.9999978,-0.2626960277557373,0.9999977946281433,-0.2626960277557373,0.9999977946281433
8_144428520_G_C,ENSG00000160948,0.999969936361974,1.53542,ENSG00000160948,ENSG00000160948,ENSG00000160948,49,1.0,0.026248915,0.9998077,0.026248915,0.9998077,0.026248915120959282,0.9998077154159546,0.026248915120959282,0.9998077154159546
17_41974115_G_A,ENSG00000173786,0.999952979954062,-0.639561,ENSG00000173786,ENSG00000267221,ENSG00000173812,39,27.0,-0.0003142034,0.879187,-0.0053007207,0.99256027,0.0014071190962567925,0.8584632873535156,-0.00031420341110788286,0.8791869878768921
21_44207698_A_T,ENSG00000160223,0.999943026957058,0.84786,ENSG00000160223,ENSG00000160221,ENSG00000160226,33,2.0,0.00224034,0.9255302,-0.003430009,0.9723945,-0.0016362915048375726,0.8395689725875854,0.002240339992567897,0.925530195236206
9_133635393_T_C,ENSG00000196990,0.999941262876502,-0.981356,ENSG00000123454,ENSG00000123454,ENSG00000160325,25,11.0,0.012474219,0.9995035,0.012474219,0.9995035,0.002013690769672394,0.9302390813827515,0.0008800824289210141,0.8791869878768921
19_55166155_C_T,ENSG00000167646,0.999939932121277,0.929964,ENSG00000167646,ENSG00000167646,ENSG00000180089,54,1.0,0.070551716,0.99996465,0.070551716,0.99996465,-0.0024597803130745888,0.9802494645118713,0.07055171579122543,0.9999646544456482
18_11905954_C_T,ENSG00000154889,0.999929160187667,-0.389349,ENSG00000154889,ENSG00000176194,ENSG00000141385,10,3.0,0.0036310554,0.99962133,0.0068006516,0.99895406,-0.002012999728322029,0.8829761743545532,0.0036310553550720215,0.9996213316917419
1_177969302_G_A,ENSG00000120341,0.999920297901607,0.705707,ENSG00000120341,ENSG00000120341,ENSG00000120341,3,1.0,0.12932828,0.9999843,0.12932828,0.9999843,0.12932828068733215,0.9999843239784241,0.12932828068733215,0.9999843239784241
10_113679635_C_T,ENSG00000165806,0.999916798313471,0.704992,ENSG00000165806,ENSG00000165806,ENSG00000165806,10,1.0,0.07498019,0.99997306,0.07498019,0.99997306,0.07498019188642502,0.9999730587005615,0.07498019188642502,0.9999730587005615
19_9324196_C_T,ENSG00000188321,0.999915154300933,-0.983817,ENSG00000270011,ENSG00000188321,ENSG00000198258,25,1.0,-0.22300386,0.99998766,-0.33858693,0.9999945,0.0026796956080943346,0.9279216527938843,-0.3385869264602661,0.9999945163726807
11_63609847_G_C,ENSG00000176485,0.999912463661981,-0.601416,ENSG00000176485,ENSG00000176485,ENSG00000176485,20,1.0,-0.18790078,0.99998677,-0.18790078,0.99998677,-0.18790078163146973,0.9999867677688599,-0.18790078163146973,0.9999867677688599
20_3069244_T_G,ENSG00000101405,0.999890476572188,0.637878,ENSG00000101405,ENSG00000101405,ENSG00000101405,23,1.0,-0.0075748363,0.9997478,-0.0075748363,0.9997478,-0.007574836257845163,0.9997478127479553,-0.007574836257845163,0.9997478127479553
X_14893907_C_T,ENSG00000130150,0.999821367397281,-0.700826,ENSG00000130150,ENSG00000087842,ENSG00000087842,8,6.0,0.0006676515,0.9367681,-0.002863869,0.97502923,-0.002863869071006775,0.9750292301177979,0.0006676514749415219,0.936768114566803
7_5910199_C_T,ENSG00000122674,0.999820124017902,-0.332155,ENSG00000122674,ENSG00000157999,ENSG00000106305,18,2.0,0.0047941804,0.98846686,-0.005599141,0.993716,0.001922970055602491,0.9151803255081177,0.004794180393218994,0.9884668588638306
12_54182016_C_A,ENSG00000123415,0.999643995231684,-0.509769,ENSG00000123415,ENSG00000123415,ENSG00000135447,26,1.0,0.006040176,0.997013,0.006040176,0.997013,0.002818505046889186,0.9815315008163452,0.006040175911039114,0.9970129728317261
17_7261180_C_T,ENSG00000181885,0.999562058779099,-1.0958,ENSG00000262302,ENSG00000181885,ENSG00000181885,64,1.0,-0.034850586,0.99984306,-0.1408962,0.9999838,-0.14089620113372803,0.9999837875366211,-0.14089620113372803,0.9999837875366211
7_77540465_C_G,ENSG00000127947,0.999521356380364,0.402211,ENSG00000127947,ENSG00000127947,ENSG00000127947,10,1.0,0.02548767,0.999691,0.02548767,0.999691,0.025487670674920082,0.9996910095214844,0.025487670674920082,0.9996910095214844
5_177755817_C_A,ENSG00000170074,0.999509282591026,0.761524,ENSG00000170074,ENSG00000131187,ENSG00000131187,28,9.0,0.0008368492,0.775255,-0.0031852238,0.97502923,-0.003185223788022995,0.9750292301177979,0.0008368492126464844,0.775255024433136
17_15976596_C_T,ENSG00000170425,0.999490206926997,-0.923293,ENSG00000214941,ENSG00000214941,ENSG00000214941,18,2.0,0.21191628,0.9999923,0.21191628,0.9999923,0.21191628277301788,0.999992311000824,-0.01404920220375061,0.9998674988746643
7_95324583_G_A,ENSG00000005421,0.999408088024825,-0.452573,ENSG00000005421,ENSG00000005421,ENSG00000005421,7,1.0,-0.08246685,0.9999487,-0.08246685,0.9999487,-0.08246684819459915,0.9999486804008484,-0.08246684819459915,0.9999486804008484
22_50625049_T_C,ENSG00000100299,0.999384825918479,-1.11148,ENSG00000100299,ENSG00000100299,ENSG00000100299,29,1.0,-0.031579543,0.9999838,-0.031579543,0.9999838,-0.03157954290509224,0.9999837875366211,-0.03157954290509224,0.9999837875366211
2_55232237_T_G,ENSG00000162994,0.99926910839348,0.948732,ENSG00000162994,ENSG00000162994,ENSG00000143947,9,1.0,0.0328664,0.99990875,0.0328664,0.99990875,0.004293938633054495,0.9959501624107361,0.032866399735212326,0.9999087452888489
1_109274968_G_T,ENSG00000134243,0.999215599971967,1.32423,ENSG00000134222,ENSG00000134222,ENSG00000134222,29,4.0,0.33510137,0.999999,0.33510137,0.999999,0.3351013660430908,0.9999989867210388,0.0369025282561779,0.9998376369476318
12_56042145_C_G,ENSG00000197728,0.999110195408951,-1.10734,ENSG00000197728,ENSG00000197728,ENSG00000197728,50,1.0,-0.0204707,0.99958086,-0.0204707,0.99958086,-0.020470699295401573,0.9995808601379395,-0.020470699295401573,0.9995808601379395
17_7280727_G_A,ENSG00000006047,0.998806209328517,0.691028,ENSG00000181856,ENSG00000181856,ENSG00000181885,64,2.0,0.12984543,0.99997646,0.12984543,0.99997646,-0.03908444941043854,0.9998202919960022,0.10065970569849014,0.9999595284461975
1_200681362_C_T,ENSG00000118197,0.998802877901344,-0.52417,ENSG00000118197,ENSG00000163395,ENSG00000163362,11,7.0,0.0005486508,0.68951035,-0.0037360191,0.98438704,0.0014636553823947906,0.8539419174194336,0.0005486508016474545,0.6895103454589844
X_154412069_T_C,ENSG00000013563,0.998773935849489,0.306235,ENSG00000013563,ENSG00000102125,ENSG00000102125,40,2.0,-0.013764138,0.9995948,0.05740915,0.999935,0.057409148663282394,0.99993497133255,-0.013764138333499432,0.9995948076248169
9_35801439_C_T,ENSG00000159899,0.998759654087218,-0.906424,ENSG00000159899,ENSG00000159899,ENSG00000285645,31,1.0,-0.25544903,0.9999947,-0.25544903,0.9999947,-0.024759285151958466,0.9996693134307861,-0.2554490268230438,0.999994695186615
10_50565302_T_G,ENSG00000188611,0.998752530325532,1.1156,ENSG00000198964,ENSG00000188611,ENSG00000148584,6,1.0,0.00071585673,0.8009039,-0.0046880045,0.98540246,0.0023614689707756042,0.925530195236206,-0.004688004497438669,0.9854024648666382
1_1456829_G_C,ENSG00000215915,0.998681220090362,0.87488,ENSG00000215915,ENSG00000215915,ENSG00000242485,47,1.0,0.18255682,0.99999523,0.18255682,0.99999523,-0.00268506514839828,0.9445600509643555,0.18255682289600372,0.999995231628418
18_10526266_C_G,ENSG00000134265,0.99865853749067,-0.736415,ENSG00000134265,ENSG00000134265,ENSG00000134265,3,1.0,-0.014955346,0.99895406,-0.014955346,0.99895406,-0.014955345541238785,0.9989540576934814,-0.014955345541238785,0.9989540576934814
2_87822373_G_A,ENSG00000187627,0.998638113340235,0.723725,ENSG00000185304,ENSG00000144115,ENSG00000172086,6,,0.000385046,0.8671202,0.0009845296,0.94809806,-0.0006536915898323059,0.7947469353675842,,
16_2936322_T_C,ENSG00000059122,0.998432102582534,0.920977,ENSG00000059122,ENSG00000213937,ENSG00000103145,50,6.0,0.001689285,0.90346414,0.0049513974,0.994869,-0.0021308008581399918,0.9427042603492737,0.0016892850399017334,0.903464138507843
9_128209149_G_A,ENSG00000106976,0.998204571136121,-1.13865,ENSG00000148337,ENSG00000148346,ENSG00000148346,37,2.0,-0.00069547695,0.8009039,0.003692766,0.98921835,0.0036927659530192614,0.9892183542251587,-0.003221372840926051,0.9970129728317261
10_45947840_C_T,ENSG00000188234,0.998202014429331,-0.893713,ENSG00000265354,ENSG00000012779,ENSG00000266412,11,7.0,0.00040098527,0.68051964,0.004911343,0.9946926,-0.0015629729023203254,0.8671202063560486,0.0010159810772165656,0.8866536617279053
2_230377417_G_T,ENSG00000135899,0.998156769515403,-1.31098,ENSG00000067066,ENSG00000153832,ENSG00000135916,9,2.0,-0.0008846124,0.8444979,-0.0020501614,0.9463574,-0.0006839011912234128,0.6895103454589844,0.0009610255365259945,0.8712619543075562
5_77217088_T_C,ENSG00000113231,0.998152853046811,-0.772016,ENSG00000113231,ENSG00000113231,ENSG00000145703,13,1.0,-0.013759653,0.9990551,-0.013759653,0.9990551,-0.004008342977613211,0.9673817157745361,-0.013759653083980083,0.9990550875663757
1_197902889_G_T,ENSG00000203724,0.998003303563421,-0.499723,ENSG00000203724,ENSG00000203724,ENSG00000203724,5,1.0,-0.09154153,0.9999487,-0.09154153,0.9999487,-0.09154152870178223,0.9999486804008484,-0.09154152870178223,0.9999486804008484
15_78131254_A_C,ENSG00000136425,0.99766396982013,0.867959,ENSG00000166411,ENSG00000136425,ENSG00000136425,15,1.0,-0.00048611438,0.84928787,-0.031666372,0.9999203,-0.03166637197136879,0.9999203085899353,-0.03166637197136879,0.9999203085899353
12_103787094_G_A,ENSG00000111696,0.997563846223627,0.86601,ENSG00000111696,ENSG00000120820,ENSG00000166598,11,3.0,-0.0015697479,0.8752832,-0.0028526385,0.9545266,-0.0017387171974405646,0.9178899526596069,-0.0015697479248046875,0.8752831816673279
15_30984082_G_A,ENSG00000186399,0.997405945179881,-1.22313,ENSG00000166912,ENSG00000134160,ENSG00000166912,8,,-0.00072959065,0.71524596,-0.0021282833,0.9497837,-0.0007295906543731689,0.7152459621429443,,
14_77907949_C_T,ENSG00000063761,0.997276170127811,-0.761289,ENSG00000063761,ENSG00000100593,ENSG00000100601,10,7.0,0.000636518,0.9255302,-0.0012585322,0.9095027,0.0012107243528589606,0.823915958404541,0.0006365180015563965,0.925530195236206
16_733004_T_C,ENSG00000103245,0.997259039483615,0.697211,ENSG00000162004,ENSG00000172236,ENSG00000130731,45,4.0,-0.00052291155,0.72342026,-0.004330516,0.9960848,0.002354393480345607,0.9427042603492737,0.0027826428413391113,0.995810866355896
17_3559264_C_T,ENSG00000167723,0.997213835589046,0.914128,ENSG00000167723,ENSG00000108381,ENSG00000040531,30,2.0,0.003668189,0.9809011,-0.003949225,0.9723945,0.0005460332031361759,0.6895103454589844,0.00366818904876709,0.9809011220932007
9_136363451_G_A,ENSG00000187796,0.996991987743185,1.23726,ENSG00000213221,ENSG00000187796,ENSG00000289701,34,1.0,0.0024653573,0.9976429,-0.025978902,0.99990237,-0.012473131529986858,0.9997208714485168,-0.025978902354836464,0.9999023675918579
16_11976565_T_C,ENSG00000234719,0.996934241266161,-0.720028,ENSG00000234719,ENSG00000234719,ENSG00000153066,10,1.0,-0.35635468,0.9999967,-0.35635468,0.9999967,-0.0015328451991081238,0.8492878675460815,-0.356354683637619,0.9999967217445374
20_44960400_G_A,ENSG00000025772,0.996893195009844,-0.488751,ENSG00000025772,ENSG00000025772,ENSG00000025772,27,1.0,-0.14992891,0.9999814,-0.14992891,0.9999814,-0.14992891252040863,0.9999814033508301,-0.14992891252040863,0.9999814033508301
6_2680498_C_T,ENSG00000145949,0.996850131813895,0.695318,ENSG00000124535,ENSG00000145949,ENSG00000124588,10,1.0,-0.00025249957,0.57881373,-0.003573219,0.99304605,-0.0018167520174756646,0.9095026850700378,-0.003573219059035182,0.9930460453033447
6_106629627_G_A,ENSG00000130348,0.996507917639635,-0.613445,ENSG00000130348,ENSG00000130348,ENSG00000130348,7,1.0,-0.04788117,0.9999536,-0.04788117,0.9999536,-0.047881171107292175,0.9999536275863647,-0.047881171107292175,0.9999536275863647
17_50547162_A_C,ENSG00000006282,0.99641252768158,-0.80304,ENSG00000006282,ENSG00000006282,ENSG00000006282,25,1.0,-0.3792582,0.9999972,-0.3792582,0.9999972,-0.3792581856250763,0.9999971985816956,-0.3792581856250763,0.9999971985816956
7_76430915_G_A,ENSG00000188372,0.995896604737485,1.37325,ENSG00000146700,ENSG00000177679,ENSG00000106211,13,8.0,-0.0008879965,0.93248457,-0.003888766,0.97048765,-0.001925720483995974,0.978159487247467,-0.0005937814712524414,0.775255024433136
1_109713453_A_G,ENSG00000134202,0.995875856057061,-0.868376,ENSG00000134201,ENSG00000134201,ENSG00000134184,28,27.0,-0.014716427,0.9995035,-0.014716427,0.9995035,0.0023728199303150177,0.97145676612854,-9.95968803181313e-05,0.6713192462921143
16_16232314_G_A,ENSG00000103226,0.995858614625852,-0.344115,ENSG00000103226,ENSG00000091262,ENSG00000091262,8,2.0,0.0021951199,0.93881017,0.0070153377,0.9969102,0.007015337701886892,0.9969102144241333,0.002195119857788086,0.9388101696968079
13_113192675_G_C,ENSG00000126231,0.99540858522483,0.162906,ENSG00000139842,ENSG00000186009,ENSG00000068650,15,9.0,0.001415533,0.84928787,-0.0033488472,0.9863523,-0.002176041482016444,0.9205166101455688,0.0007333327084779739,0.9003032445907593
22_25201364_T_C,ENSG00000100053,0.994552420069075,-0.415922,ENSG00000100053,ENSG00000100053,,7,1.0,-0.0992016,0.9999432,-0.0992016,0.9999432,,,-0.09920159727334976,0.999943196773529
10_104267428_A_T,ENSG00000065621,0.994355028154828,2.11362,ENSG00000065621,ENSG00000148834,ENSG00000148834,11,2.0,0.21559715,0.99999535,-0.5051847,0.99999887,-0.5051847100257874,0.9999988675117493,0.21559715270996094,0.9999953508377075
5_69497101_A_G,ENSG00000183474,0.994049688681563,1.11878,ENSG00000197822,ENSG00000183323,ENSG00000152939,12,6.0,-0.0016990801,0.98024946,-0.0019157926,0.89368504,-0.0018696741899475455,0.9230626225471497,0.0005502700805664062,0.7684068083763123
17_36188432_T_G,ENSG00000276085,0.993198015611819,1.11933,ENSG00000276085,ENSG00000276070,ENSG00000275152,30,3.0,0.0069899163,0.9993916,0.019028625,0.999691,0.010909922420978546,0.998842179775238,0.006989916320890188,0.9993916153907776
9_370199_A_G,ENSG00000107099,0.99278057407865,0.534144,ENSG00000107104,ENSG00000170122,ENSG00000107104,6,2.0,0.00084872794,0.71524596,-0.0053199925,0.9917676,0.0008487279410474002,0.7152459621429443,-0.002441148040816188,0.9758510589599609
3_93741529_G_A,ENSG00000178700,0.992567779608145,-1.04497,ENSG00000184500,ENSG00000178700,ENSG00000184500,5,1.0,0.0002162562,0.7068712,-0.0013561845,0.8671202,0.00021625620138365775,0.7068712115287781,-0.0013561844825744629,0.8671202063560486
19_3062859_T_C,ENSG00000104964,0.99220352476512,-0.35488,ENSG00000104964,ENSG00000104964,ENSG00000104964,28,1.0,-0.038911115,0.9999147,-0.038911115,0.9999147,-0.0389111153781414,0.9999147057533264,-0.0389111153781414,0.9999147057533264
3_151833340_T_C,ENSG00000198829,0.992028715884171,0.535895,ENSG00000114771,ENSG00000198829,ENSG00000114771,9,1.0,0.0025510464,0.9588311,0.005130867,0.993716,0.002551046432927251,0.9588310718536377,0.0051308670081198215,0.9937160015106201
10_129792036_T_A,ENSG00000108001,0.991715663700421,-0.445127,ENSG00000108001,ENSG00000108001,ENSG00000170430,4,1.0,0.01013263,0.9986286,0.01013263,0.9986286,0.0063916840590536594,0.9955178499221802,0.010132630355656147,0.9986286163330078
1_46183374_C_T,ENSG00000117472,0.990463313876474,0.605606,ENSG00000278139,ENSG00000117472,ENSG00000117472,23,1.0,0.010774304,0.9990551,0.21050306,0.99999434,0.21050305664539337,0.9999943375587463,0.21050305664539337,0.9999943375587463
22_42196233_C_T,ENSG00000100197,0.989970755310664,-0.42992,ENSG00000205702,ENSG00000205704,ENSG00000205702,25,12.0,-0.0022899527,0.97048765,-0.0023372967,0.9766461,-0.0022899527102708817,0.970487654209137,0.0009544193744659424,0.8791869878768921
17_35244527_G_A,ENSG00000166750,0.98947149051825,0.644227,ENSG00000166750,ENSG00000166750,ENSG00000198783,22,1.0,0.035771668,0.9998919,0.035771668,0.9998919,0.0008364462410099804,0.7613780498504639,0.03577166795730591,0.9998918771743774
2_75709345_T_G,ENSG00000005436,0.98939225341816,-0.616306,ENSG00000005436,ENSG00000005436,ENSG00000005436,4,1.0,-0.025281817,0.9998077,-0.025281817,0.9998077,-0.025281816720962524,0.9998077154159546,-0.025281816720962524,0.9998077154159546
13_112119539_C_T,ENSG00000126217,0.987869257360882,-1.4129,ENSG00000182968,ENSG00000182968,ENSG00000126216,3,,0.0007580121,0.8344978,0.0007580121,0.8344978,0.0002338687627343461,0.6323840618133545,,
1_19231219_G_C,ENSG00000053372,0.987162463644296,-0.504923,ENSG00000127463,ENSG00000127463,ENSG00000127463,16,7.0,0.008738349,0.9977213,0.008738349,0.9977213,0.008738349191844463,0.9977213144302368,-0.0010281304130330682,0.7391777634620667
6_116767917_A_T,ENSG00000183807,0.985420118279516,0.749839,ENSG00000183807,ENSG00000183807,ENSG00000111832,16,1.0,0.004209677,0.99230486,0.004209677,0.99230486,0.0017135950038209558,0.8866536617279053,0.0042096772231161594,0.9923048615455627
11_8675680_C_T,ENSG00000166436,0.985387443132126,0.18065,ENSG00000166436,ENSG00000175356,ENSG00000175348,13,8.0,-0.00079174835,0.68051964,0.0032671094,0.97502923,0.0013169405283406377,0.8344978094100952,-0.0007917483453638852,0.6805196404457092
14_70662782_C_T,ENSG00000133985,0.984758401267526,0.432853,ENSG00000133985,ENSG00000213463,ENSG00000213463,10,5.0,-0.00061611336,0.8127267,0.0020468675,0.8902224,0.0020468675065785646,0.8902223706245422,-0.0006161133642308414,0.8127266764640808
5_778488_G_A,ENSG00000206077,0.984695391976486,0.598449,ENSG00000206077,ENSG00000174358,ENSG00000174358,16,3.0,0.0020171006,0.93466026,0.0035362467,0.97502923,0.0035362467169761658,0.9750292301177979,0.0020171005744487047,0.9346602559089661
16_30113948_C_T,ENSG00000102886,0.983295511188021,1.17973,ENSG00000102886,ENSG00000102886,ENSG00000103485,51,1.0,0.027836671,0.99978715,0.027836671,0.99978715,0.0028001267928630114,0.9497836828231812,0.027836671099066734,0.9997871518135071
11_6235438_A_G,ENSG00000132259,0.982645778854339,1.80667,ENSG00000132259,ENSG00000132259,ENSG00000166313,39,1.0,0.5253058,0.99999845,0.5253058,0.99999845,-0.002369385212659836,0.9407882690429688,0.5253058075904846,0.9999984502792358
1_19979653_G_C,ENSG00000188257,0.981813068982393,0.53918,ENSG00000188257,ENSG00000188257,ENSG00000188257,17,1.0,0.30818057,0.99999964,0.30818057,0.99999964,0.308180570602417,0.9999996423721313,0.308180570602417,0.9999996423721313
16_29335640_G_A,ENSG00000197272,0.980809621048492,0.51345,ENSG00000254206,ENSG00000103502,ENSG00000103502,27,,-1.9510588e-05,0.5440255,0.0054909973,0.9917676,0.005490997340530157,0.9917675852775574,,
10_133441072_G_A,ENSG00000203772,0.97820746073885,1.00067,ENSG00000214279,ENSG00000171811,ENSG00000130649,21,2.0,-0.0014813343,0.9205166,-0.003596862,0.9627358,0.002396215917542577,0.9639548063278198,0.002654552459716797,0.9445600509643555
5_175966824_T_C,ENSG00000051596,0.977913293196811,-0.68579,ENSG00000051596,ENSG00000113194,ENSG00000113194,13,9.0,0.0005936424,0.8539419,0.004416754,0.9774153,0.004416754003614187,0.9774153232574463,0.0005936424131505191,0.8539419174194336
11_65856268_A_G,ENSG00000172803,0.976430588223376,0.939727,ENSG00000172732,ENSG00000172757,ENSG00000172757,47,11.0,0.0027995768,0.9943216,-0.029174387,0.9996461,-0.029174387454986572,0.9996461272239685,-0.0012976527214050293,0.9980098605155945
21_44576156_C_T,ENSG00000183255,0.975821694447795,-0.804048,ENSG00000215454,ENSG00000175894,ENSG00000160255,33,28.0,-0.0004893144,0.9627358,-0.005423943,0.9932769,0.0048400419764220715,0.9960848093032837,3.247459608246572e-05,0.494571328163147
9_98207066_G_A,ENSG00000095383,0.974732180007195,0.498744,ENSG00000106789,ENSG00000136929,ENSG00000136929,10,6.0,-0.00037825605,0.7313966,0.0014614662,0.93248457,0.0014614661922678351,0.9324845671653748,0.0006913989782333374,0.775255024433136
7_98291311_A_G,ENSG00000164713,0.974100582828205,-0.870722,ENSG00000164713,ENSG00000164713,ENSG00000164713,8,1.0,0.022016987,0.9997112,0.022016987,0.9997112,0.022016987204551697,0.9997112154960632,0.022016987204551697,0.9997112154960632
8_17156365_T_C,ENSG00000104219,0.973929692622867,0.615702,ENSG00000104219,ENSG00000104219,ENSG00000104219,9,1.0,0.06456077,0.99994123,0.06456077,0.99994123,0.06456077098846436,0.9999412298202515,0.06456077098846436,0.9999412298202515
16_3055806_G_A,ENSG00000008516,0.973177393653616,1.03978,ENSG00000008517,ENSG00000130182,ENSG00000184697,44,14.0,-0.0004734608,0.7684068,-0.0028905075,0.9601752,0.002519175410270691,0.9802494645118713,-0.0012826919555664062,0.9950395226478577
5_177304451_G_T,ENSG00000169230,0.972441642706449,0.76471,ENSG00000169230,ENSG00000169230,ENSG00000169230,24,1.0,0.14177112,0.99998844,0.14177112,0.99998844,0.1417711228132248,0.9999884366989136,0.1417711228132248,0.9999884366989136
3_196948045_A_C,ENSG00000119227,0.971477967269395,0.51166,ENSG00000270170,ENSG00000119227,ENSG00000119227,15,1.0,0.0005437061,0.8539419,0.0048832693,0.99800986,0.004883269313722849,0.9980098605155945,0.004883269313722849,0.9980098605155945
14_60165528_G_C,ENSG00000100612,0.970837675873692,-0.713115,ENSG00000100612,ENSG00000100612,ENSG00000100612,8,1.0,-0.055117812,0.9999118,-0.055117812,0.9999118,-0.055117812007665634,0.9999117851257324,-0.055117812007665634,0.9999117851257324
10_45788964_G_A,ENSG00000172661,0.970217041197684,-0.613727,ENSG00000172661,ENSG00000172661,ENSG00000172661,10,1.0,0.008196746,0.9974778,0.008196746,0.9974778,0.008196745999157429,0.9974778294563293,0.008196745999157429,0.9974778294563293
X_48539726_G_A,ENSG00000068354,0.969008235260136,-0.520968,ENSG00000068354,ENSG00000068354,ENSG00000068354,31,1.0,-0.08802759,0.9999371,-0.08802759,0.9999371,-0.08802758902311325,0.999937117099762,-0.08802758902311325,0.999937117099762
6_149170778_G_A,ENSG00000055208,0.967669078555583,0.605451,ENSG00000055208,ENSG00000177688,ENSG00000055208,7,2.0,0.005633663,0.9969102,0.0061895847,0.9969102,0.005633662920445204,0.9969102144241333,0.005633662920445204,0.9969102144241333
2_9904414_C_A,ENSG00000115750,0.967577792894351,-0.440553,ENSG00000134317,ENSG00000115756,ENSG00000115756,12,8.0,0.0013975501,0.93248457,-0.0015545698,0.87126195,-0.0015545698115602136,0.8712619543075562,-0.000721832097042352,0.823915958404541
8_22060578_A_C,ENSG00000158856,0.961397124515165,-0.981427,ENSG00000158856,ENSG00000158856,ENSG00000158856,21,1.0,-0.14201672,0.9999748,-0.14201672,0.9999748,-0.1420167237520218,0.99997478723526,-0.1420167237520218,0.99997478723526
11_308426_G_C,ENSG00000288681,0.960783449236391,0.765757,ENSG00000288681,ENSG00000185201,ENSG00000185201,40,3.0,0.0046693557,0.99595016,0.014539309,0.9996579,0.014539308845996857,0.999657928943634,0.004669355694204569,0.9959501624107361
6_32168770_T_G,ENSG00000204310,0.959162580928896,0.573567,ENSG00000241404,ENSG00000228727,ENSG00000204287,60,43.0,-0.002050544,0.9463574,0.00470076,0.99256027,0.0026707053184509277,0.9950395226478577,0.00043087080121040344,0.9427042603492737
17_75226770_G_A,ENSG00000125450,0.957180209413883,-0.818047,ENSG00000125450,ENSG00000259120,ENSG00000125447,37,19.0,0.0009977246,0.879187,0.0052871704,0.99451023,0.002411742927506566,0.9407882690429688,0.000997724593617022,0.8791869878768921
1_100352622_G_C,ENSG00000079335,0.955267415612841,-0.771591,ENSG00000079335,ENSG00000079335,ENSG00000162692,12,1.0,-0.08047795,0.9999392,-0.08047795,0.9999392,0.0017458448419347405,0.9445600509643555,-0.08047795295715332,0.9999392032623291
10_50756905_C_T,ENSG00000204147,0.949364489881012,-1.05782,ENSG00000204147,ENSG00000204147,ENSG00000148584,5,1.0,-0.016550938,0.99937063,-0.016550938,0.99937063,-0.0023756176233291626,0.9809011220932007,-0.016550937667489052,0.9993706345558167
5_6604092_A_G,ENSG00000037474,0.949133075735217,-0.605516,ENSG00000145545,ENSG00000133398,ENSG00000133398,5,2.0,-0.00044715405,0.65228176,0.0012456315,0.8183989,0.001245631487108767,0.8183988928794861,-0.0007361124153248966,0.7068712115287781
7_76514284_G_A,ENSG00000146707,0.948240120099532,-0.183183,ENSG00000243566,ENSG00000243566,ENSG00000106211,13,7.0,0.0042063394,0.986804,0.0042063394,0.986804,-0.001737845130264759,0.9065297842025757,-0.0005610783700831234,0.7684068083763123
22_37326849_A_G,ENSG00000166897,0.947826791825565,-0.534895,ENSG00000100055,ENSG00000166897,ENSG00000187045,31,1.0,-0.01815621,0.99952,-0.07097244,0.9998882,0.0067327567376196384,0.996803879737854,-0.07097244262695312,0.9998881816864014
16_4343375_A_C,ENSG00000217930,0.941025958465652,-0.669865,ENSG00000217930,ENSG00000140623,ENSG00000217930,25,2.0,0.0025765821,0.9673817,0.003581683,0.9694861,0.002576582133769989,0.9673817157745361,0.002576582133769989,0.9673817157745361
6_30289159_C_T,ENSG00000204616,0.940414768648968,-0.610269,ENSG00000204599,ENSG00000204613,ENSG00000137312,28,3.0,-0.0002291898,0.6116155,0.0065762904,0.997013,0.0021575193386524916,0.903464138507843,-0.00270688533782959,0.9574425220489502
1_155062156_C_G,ENSG00000143537,0.939979496346165,-0.625198,ENSG00000243364,ENSG00000163354,ENSG00000160753,38,13.0,-0.00033831596,0.76137805,0.005057057,0.9876632,-0.0027053963858634233,0.9545266032218933,-0.0012184480438008904,0.9065297842025757
17_67372039_A_G,ENSG00000154217,0.938306072618803,0.55004,ENSG00000154217,ENSG00000075461,ENSG00000130935,8,4.0,-0.0005480051,0.73917776,0.0021189451,0.93466026,-0.00044770041131414473,0.6116154789924622,-0.0005480051040649414,0.7391777634620667
2_232655544_A_T,ENSG00000115468,0.937198683350099,0.697035,ENSG00000204120,ENSG00000115468,ENSG00000115468,17,1.0,0.0014568543,0.9774153,0.042269822,0.99997646,0.04226982221007347,0.9999764561653137,0.04226982221007347,0.9999764561653137
2_106071000_G_C,ENSG00000119147,0.936189864907804,-0.745412,ENSG00000119147,ENSG00000153165,ENSG00000115652,5,2.0,-0.0017609894,0.9673817,-0.0019568603,0.9497837,0.001041258336044848,0.823915958404541,-0.0017609894275665283,0.9673817157745361
22_44024618_A_G,ENSG00000188677,0.933480927205549,-0.910818,ENSG00000188677,ENSG00000188677,ENSG00000100344,9,1.0,-0.18133019,0.999988,-0.18133019,0.999988,0.008481773547828197,0.9987610578536987,-0.18133018910884857,0.9999880194664001
7_74945747_T_C,ENSG00000184616,0.931420703730375,-0.629402,ENSG00000274070,ENSG00000178809,ENSG00000274523,14,10.0,-0.000502944,0.8127267,-0.0025685627,0.93248457,0.0012368845054879785,0.8492878675460815,0.00015346209693234414,0.7541655898094177
19_35547488_A_G,ENSG00000105677,0.930496694113447,0.586252,ENSG00000105677,ENSG00000105677,ENSG00000105677,56,1.0,-0.012147036,0.99858135,-0.012147036,0.99858135,-0.012147036381065845,0.9985813498497009,-0.012147036381065845,0.9985813498497009
16_15094055_G_C,ENSG00000085721,0.929906201478564,0.630007,ENSG00000085721,ENSG00000085721,ENSG00000085721,15,1.0,0.04448767,0.99998015,0.04448767,0.99998015,0.04448767006397247,0.9999801516532898,0.04448767006397247,0.9999801516532898
2_241734689_A_G,ENSG00000180902,0.928454012613928,-0.324396,ENSG00000180902,ENSG00000154252,ENSG00000180902,16,2.0,-0.0048334054,0.99787045,0.0050636926,0.99739105,-0.0048334053717553616,0.9978704452514648,-0.0048334053717553616,0.9978704452514648
17_79085118_A_C,ENSG00000167280,0.928321248612139,-0.8273,ENSG00000167280,ENSG00000187775,ENSG00000035862,10,10.0,-0.00015237927,0.7819256,-0.008598526,0.9974778,0.0023640792351216078,0.9574425220489502,-0.00015237927436828613,0.781925618648529
16_30004016_A_G,ENSG00000169592,0.925303512327557,-0.379637,ENSG00000149929,ENSG00000169592,ENSG00000169592,45,1.0,-0.0004068315,0.8344978,-0.004196584,0.99911696,-0.004196584224700928,0.9991169571876526,-0.004196584224700928,0.9991169571876526
22_23950770_G_A,ENSG00000099977,0.923480495260222,-0.907087,ENSG00000133433,ENSG00000099984,ENSG00000099977,24,2.0,0.0007473429,0.9095027,0.0066868067,0.9935001,-0.003216089680790901,0.9684511423110962,-0.003216089680790901,0.9684511423110962
1_244970360_G_C,ENSG00000203666,0.922202934235342,-0.600825,ENSG00000203666,ENSG00000284188,ENSG00000153187,8,2.0,-0.003224492,0.99898887,-0.0037992,0.9972084,0.000642151280771941,0.6522817611694336,-0.003224492073059082,0.9989888668060303
9_35572722_C_T,ENSG00000215187,0.919860238770362,1.19132,ENSG00000215187,ENSG00000107159,ENSG00000159884,33,5.0,-0.0014401277,0.9673817,0.006090025,0.9969102,-0.00245424616150558,0.9346602559089661,-0.0014401277294382453,0.9673817157745361
4_68625465_G_T,ENSG00000197888,0.917905766923821,-0.738162,ENSG00000196620,ENSG00000109181,ENSG00000109181,9,4.0,-0.0048272214,0.99566686,0.0049395054,0.9895757,0.004939505364745855,0.9895756840705872,-0.0016691386699676514,0.9849032163619995
5_177415473_T_C,ENSG00000131187,0.91750596201216,0.698302,ENSG00000131187,ENSG00000131183,ENSG00000027847,23,7.0,0.000818568,0.879187,0.005445679,0.9928072,-0.0010557869682088494,0.8492878675460815,0.0008185679907910526,0.8791869878768921
13_113849020_T_C,ENSG00000183087,0.915669034310618,-0.595285,ENSG00000183087,ENSG00000184497,ENSG00000198176,15,8.0,0.0006187856,0.8068961,0.0025113423,0.9255302,0.0008891359902918339,0.7068712115287781,0.0006187856197357178,0.8068960905075073
7_144360868_C_A,ENSG00000271079,0.913997315355938,0.77978,ENSG00000050327,ENSG00000221910,ENSG00000198420,18,,0.00097145635,0.82391596,-0.0015442371,0.93881017,0.0008508699829690158,0.829281210899353,,
14_24141524_T_C,ENSG00000100908,0.912583729682107,-0.774787,ENSG00000100908,ENSG00000100908,ENSG00000100908,46,1.0,-0.05420853,0.9998919,-0.05420853,0.9998919,-0.054208528250455856,0.9998918771743774,-0.054208528250455856,0.9998918771743774
10_62633886_T_C,ENSG00000171988,0.910255451323668,-0.750728,ENSG00000181915,ENSG00000138311,ENSG00000181915,6,,-0.00019119929,0.600902,-0.00068370503,0.7541656,-0.00019119928765576333,0.6009020209312439,,
4_1684252_T_G,ENSG00000174137,0.90736097799209,-0.538795,ENSG00000174137,ENSG00000174137,ENSG00000163950,16,1.0,-0.030453363,0.9998675,-0.030453363,0.9998675,-0.003316278336569667,0.987663209438324,-0.030453363433480263,0.9998674988746643
7_2679481_G_A,ENSG00000174945,0.902147565180675,0.652138,ENSG00000174945,ENSG00000174945,ENSG00000122687,15,1.0,0.09593439,0.9999691,0.09593439,0.9999691,0.0029763628263026476,0.9427042603492737,0.09593439102172852,0.9999691247940063
6_152443555_T_C,ENSG00000131018,0.90144384762366,0.48335,ENSG00000131018,ENSG00000146469,,4,4.0,-0.00012296438,0.51973367,-0.0021282833,0.9651347,,,-0.00012296438217163086,0.5197336673736572
19_40883044_G_T,ENSG00000197838,0.899029394779298,0.521789,ENSG00000198077,ENSG00000198077,ENSG00000198077,35,11.0,-0.0054358044,0.9946926,-0.0054358044,0.9946926,-0.00543580437079072,0.9946926236152649,-0.0014573335647583008,0.9302390813827515
19_23687308_G_T,ENSG00000197372,0.898238164917145,0.82259,ENSG00000197372,ENSG00000197372,ENSG00000167232,8,1.0,0.021725455,0.99973017,0.021725455,0.99973017,0.0013576894998550415,0.8444979190826416,0.021725455299019814,0.9997301697731018
7_130487677_C_T,ENSG00000106484,0.896030228006967,0.443127,ENSG00000106484,ENSG00000128510,ENSG00000106484,13,6.0,0.00088993955,0.8539419,0.0035624504,0.9952044,0.0008899395470507443,0.8539419174194336,0.0008899395470507443,0.8539419174194336
5_103562198_T_C,ENSG00000112874,0.887544152566239,0.828706,ENSG00000112874,ENSG00000112874,ENSG00000112874,4,1.0,0.05729304,0.9998762,0.05729304,0.9998762,0.057293038815259933,0.9998762011528015,0.057293038815259933,0.9998762011528015
9_133344393_A_G,ENSG00000148300,0.885833622168891,0.375582,ENSG00000148297,ENSG00000170835,ENSG00000148297,27,19.0,-0.007107178,0.9952044,-0.009037316,0.9977213,-0.0071071782149374485,0.9952043890953064,0.0003264260885771364,0.5899682641029358
17_50166375_G_A,ENSG00000108823,0.884957222920142,-0.660675,ENSG00000108823,ENSG00000108823,ENSG00000167107,26,1.0,-0.08173879,0.99995816,-0.08173879,0.99995816,-0.001540251076221466,0.8628550171852112,-0.08173879235982895,0.9999581575393677
10_119161076_T_C,ENSG00000183605,0.883260046149157,0.689459,ENSG00000183605,ENSG00000151929,ENSG00000151929,10,4.0,-0.00080944627,0.96845114,-0.0012956349,0.90346414,-0.001295634894631803,0.903464138507843,-0.0008094462682493031,0.9684511423110962
19_1104079_G_A,ENSG00000167468,0.882050872840293,0.687793,ENSG00000167468,ENSG00000167468,ENSG00000167468,51,1.0,0.016927183,0.9995515,0.016927183,0.9995515,0.01692718267440796,0.9995514750480652,0.01692718267440796,0.9995514750480652
2_113568673_G_A,ENSG00000136682,0.880867714545312,-1.25492,ENSG00000144134,ENSG00000136689,ENSG00000136689,11,8.0,0.00029381117,0.7313966,0.0028338253,0.9774153,0.0028338253032416105,0.9774153232574463,-0.00046324729919433594,0.6713192462921143
14_22599022_T_C,ENSG00000100439,0.878788222593639,-0.446485,ENSG00000100439,ENSG00000100439,ENSG00000100439,22,1.0,-0.043353904,0.9998534,-0.043353904,0.9998534,-0.04335390403866768,0.9998533725738525,-0.04335390403866768,0.9998533725738525
6_31409151_T_C,ENSG00000204520,0.876909942047768,-0.605778,ENSG00000204520,ENSG00000204511,ENSG00000244255,63,40.0,0.0005494058,0.72342026,-0.009062449,0.99826187,0.0024762898683547974,0.9601752161979675,0.0005494058132171631,0.723420262336731
14_20699925_C_T,ENSG00000258818,0.874875785733186,-0.474649,ENSG00000259171,ENSG00000214274,ENSG00000214274,40,11.0,-0.0021438003,0.97585106,-0.0059431395,0.994869,-0.005943139549344778,0.9948689937591553,-0.0018740296363830566,0.9750292301177979
8_10729350_G_C,ENSG00000171056,0.870884173151547,0.557265,ENSG00000171056,ENSG00000175806,ENSG00000254093,9,3.0,0.0015290579,0.9545266,-0.0030389826,0.9662766,-0.0014838924398645759,0.8671202063560486,0.0015290578594431281,0.9545266032218933
11_113316054_G_A,ENSG00000149292,0.870653150739663,-0.740163,ENSG00000149292,ENSG00000149292,ENSG00000086827,8,1.0,-0.008523007,0.9973013,-0.008523007,0.9973013,0.0008640785817988217,0.7467664480209351,-0.008523006923496723,0.9973012804985046
16_71326523_C_T,ENSG00000180917,0.870331412556754,-0.432108,ENSG00000172137,ENSG00000172137,ENSG00000182149,14,9.0,0.0031324227,0.9895757,0.0031324227,0.9895757,-0.001579388976097107,0.9095026850700378,0.0006578564643859863,0.6713192462921143
9_89555187_C_T,ENSG00000123975,0.870313406622576,-0.626411,ENSG00000130222,ENSG00000148082,ENSG00000123975,5,2.0,0.00037956456,0.862855,-0.0020340283,0.9905784,0.0009601910714991391,0.9560081958770752,0.0009601910714991391,0.9560081958770752
11_536170_C_A,ENSG00000185522,0.870040413931934,0.657474,ENSG00000174775,ENSG00000161328,ENSG00000099834,46,32.0,-0.0013844272,0.90346414,-0.007076621,0.9952044,0.005835697054862976,0.9976428747177124,0.00034415721893310547,0.723420262336731
22_24000646_A_C,ENSG00000133433,0.868654662470169,-1.16873,ENSG00000276950,ENSG00000128218,ENSG00000099977,25,4.0,0.0012979507,0.89368504,0.0055445037,0.9902553,0.003579777432605624,0.970487654209137,0.0017868081340566278,0.9627357721328735
2_113185893_A_G,ENSG00000125637,0.863658751828887,0.668495,ENSG00000125637,ENSG00000125637,ENSG00000125637,16,1.0,-0.0069351196,0.99888074,-0.0069351196,0.99888074,-0.00693511962890625,0.9988807439804077,-0.00693511962890625,0.9988807439804077
16_30149961_G_T,ENSG00000198064,0.863529724034435,-0.477307,ENSG00000102882,ENSG00000005844,ENSG00000149932,53,15.0,-0.0006945611,0.88665366,-0.003765146,0.986804,0.0024681147187948227,0.925530195236206,0.001051187515258789,0.775255024433136
3_196971249_T_G,ENSG00000163975,0.86350540843168,1.10309,ENSG00000119227,ENSG00000119227,ENSG00000119227,14,10.0,0.0033110033,0.9781595,0.0033110033,0.9781595,0.003311003325507045,0.978159487247467,-0.0002573728561401367,0.7947469353675842
1_156666578_G_A,ENSG00000160781,0.853309366738647,1.43668,ENSG00000132688,ENSG00000132688,ENSG00000132688,35,5.0,-0.0039579584,0.98273104,-0.0039579584,0.98273104,-0.003957958426326513,0.98273104429245,0.002487997291609645,0.9178899526596069
6_20202539_G_A,ENSG00000172197,0.850279623378331,-0.636249,ENSG00000172197,ENSG00000172197,ENSG00000172197,4,1.0,-0.0044285557,0.9993916,-0.0044285557,0.9993916,-0.004428555723279715,0.9993916153907776,-0.004428555723279715,0.9993916153907776
11_61757502_G_A,ENSG00000124920,0.850129352056811,-0.895896,ENSG00000124920,ENSG00000256713,ENSG00000167996,28,10.0,0.0013771852,0.8902224,0.0054065385,0.99566686,-0.0022286574821919203,0.9123854041099548,0.0013771852245554328,0.8902223706245422
15_90440233_A_G,ENSG00000140575,0.844797644046238,0.494783,ENSG00000140575,ENSG00000196391,ENSG00000140564,20,4.0,0.0007090059,0.9302391,-0.0022113721,0.9123854,-0.0009732544422149658,0.7313966155052185,0.0007090059225447476,0.9302390813827515
16_139972_T_C,ENSG00000103148,0.842526381607044,-0.345383,ENSG00000103148,ENSG00000206172,ENSG00000206172,30,15.0,-0.0010442883,0.7684068,0.0067097447,0.9974778,0.006709744688123465,0.9974778294563293,-0.0010442882776260376,0.7684068083763123
16_84180359_G_A,ENSG00000103168,0.842341251062589,-0.562793,ENSG00000103168,ENSG00000064270,ENSG00000140961,17,7.0,-0.0009294152,0.99256027,0.0030285914,0.9514159,-0.0027864824514836073,0.9407882690429688,-0.000929415225982666,0.9925602674484253
19_17226604_G_T,ENSG00000099330,0.841882302559004,0.379845,ENSG00000099330,ENSG00000099330,ENSG00000099330,33,1.0,0.006347058,0.99934894,0.006347058,0.99934894,0.0063470578752458096,0.9993489384651184,0.0063470578752458096,0.9993489384651184
3_196712253_C_G,ENSG00000174007,0.841453576835009,0.565386,ENSG00000174007,ENSG00000174007,ENSG00000163964,22,1.0,-0.021407247,0.9997478,-0.021407247,0.9997478,0.015611976385116577,0.999228835105896,-0.021407246589660645,0.9997478127479553
7_1465340_C_T,ENSG00000164880,0.838074176639096,-0.453027,ENSG00000164877,ENSG00000105963,ENSG00000073067,15,11.0,0.0007563333,0.72342026,-0.0046163,0.991193,-0.0017439424991607666,0.8902223706245422,-0.00034482902265153825,0.6009020209312439
2_119680939_G_C,ENSG00000144120,0.837739205993018,-0.58776,ENSG00000144120,ENSG00000144120,ENSG00000144120,10,1.0,-0.0073203645,0.9988023,-0.0073203645,0.9988023,-0.007320364471524954,0.9988023042678833,-0.007320364471524954,0.9988023042678833
7_74720592_C_T,ENSG00000263001,0.837733618080456,-0.463192,ENSG00000158517,ENSG00000174428,ENSG00000274070,12,12.0,-0.0006929636,0.8539419,0.0015329123,0.88665366,-0.001468658447265625,0.8344978094100952,7.990809535840526e-05,0.6424411535263062
10_98926814_C_G,ENSG00000119943,0.8333526924713,-1.47701,ENSG00000172987,ENSG00000119946,ENSG00000107521,6,2.0,-0.0010995865,0.879187,0.0021197398,0.9463574,0.0009088814258575439,0.8068960905075073,0.0014832416782155633,0.8829761743545532
18_14132403_G_C,ENSG00000175322,0.832245152542774,0.677433,ENSG00000175322,ENSG00000168675,ENSG00000177150,7,3.0,-0.0006324053,0.9998803,0.0020312865,0.89368504,0.000547751784324646,0.7467664480209351,-0.0006324052810668945,0.999880313873291
9_110656853_C_A,ENSG00000173258,0.828692588973752,1.41446,ENSG00000030304,ENSG00000157654,ENSG00000157654,7,,0.00012938182,0.6619072,0.0031170547,0.991193,0.0031170547008514404,0.9911929965019226,,
11_57351682_T_C,ENSG00000109991,0.827113643159432,0.609746,ENSG00000109991,ENSG00000109991,ENSG00000156603,27,1.0,-0.004753828,0.9939247,-0.004753828,0.9939247,-0.0023332934360951185,0.936768114566803,-0.004753828048706055,0.9939246773719788
16_89194418_C_T,ENSG00000259803,0.819731414695363,1.18295,ENSG00000259803,ENSG00000129910,ENSG00000259803,25,2.0,-0.0028439753,0.9529964,-0.004391233,0.9928072,-0.0028439753223210573,0.9529963731765747,-0.0028439753223210573,0.9529963731765747
10_124044156_G_A,ENSG00000182022,0.817569364688937,0.773785,ENSG00000182022,ENSG00000229544,ENSG00000065154,6,3.0,0.0010620654,0.8539419,0.0014549891,0.91788995,-0.0011519392719492316,0.775255024433136,0.0010620653629302979,0.8539419174194336
8_120859855_T_C,ENSG00000172164,0.817464205582557,-0.537023,ENSG00000172164,ENSG00000172167,ENSG00000172164,4,3.0,0.00028737262,0.7313966,-0.0010521809,0.8444979,0.0002873726189136505,0.7313966155052185,0.0002873726189136505,0.7313966155052185
12_131697_G_A,ENSG00000120645,0.817327726530304,0.735093,ENSG00000120645,ENSG00000111181,ENSG00000111181,7,3.0,-0.0015826225,0.9588311,-0.0028543125,0.9694861,-0.002854312537238002,0.9694861173629761,-0.0015826225280761719,0.9588310718536377
9_137549626_T_C,ENSG00000182154,0.813737680420474,0.489843,ENSG00000130653,ENSG00000188833,ENSG00000198113,40,18.0,-0.001567165,0.9151803,-0.005300522,0.9928072,0.0021651387214660645,0.9407882690429688,-0.0008316834573633969,0.8344978094100952
9_306517_G_A,ENSG00000181404,0.810480357312851,-0.515192,ENSG00000107099,ENSG00000107099,ENSG00000107104,5,2.0,0.0017770926,0.93248457,0.0017770926,0.93248457,-0.0005880246753804386,0.6713192462921143,-0.0009442965383641422,0.7467664480209351
15_82377956_A_G,ENSG00000197978,0.810294149441603,-0.65968,ENSG00000278662,ENSG00000197978,ENSG00000140598,12,1.0,-0.0011933645,0.775255,-0.001710256,0.87126195,0.00021671254944521934,0.5319889783859253,-0.0017102559795603156,0.8712619543075562
20_49475539_A_G,ENSG00000158445,0.805565103239836,0.739711,ENSG00000158445,ENSG00000158445,ENSG00000124212,12,1.0,0.07163525,0.99998325,0.07163525,0.99998325,0.00368075561709702,0.9977213144302368,0.07163524627685547,0.9999832510948181
21_46298578_C_T,ENSG00000182362,0.804406115923078,-0.776663,ENSG00000182362,ENSG00000160307,ENSG00000160285,14,8.0,-0.0006539623,0.862855,0.0033474367,0.9939247,0.0014711171388626099,0.9178899526596069,-0.0006539623136632144,0.8628550171852112
2_199756040_T_C,ENSG00000226124,0.799210615461316,-0.434319,ENSG00000226124,ENSG00000178074,ENSG00000178074,5,3.0,0.00011706352,0.69829345,-0.0020436395,0.8902224,-0.0020436395425349474,0.8902223706245422,0.00011706352233886719,0.6982934474945068
12_642587_C_T,ENSG00000171840,0.791709011588139,0.525124,ENSG00000171840,ENSG00000010379,ENSG00000111181,10,2.0,-0.003254652,0.9960848,0.003852417,0.9788794,-0.0014809593558311462,0.8628550171852112,-0.0032546520233154297,0.9960848093032837
19_2249478_G_T,ENSG00000104899,0.787532126468955,0.819817,ENSG00000104899,ENSG00000178297,ENSG00000104897,33,2.0,-0.0036009948,0.9905784,-0.0052791834,0.9932769,-0.0024838100653141737,0.9694861173629761,-0.003600994823500514,0.9905784130096436
9_136422149_C_T,ENSG00000165688,0.782307137729181,0.643438,ENSG00000165688,ENSG00000176919,ENSG00000176919,36,9.0,0.0013478299,0.879187,0.0032102515,0.9694861,0.0032102514524012804,0.9694861173629761,0.001347829937003553,0.8791869878768921
1_1665061_C_T,ENSG00000189339,0.779884804391017,-0.903522,ENSG00000248333,ENSG00000205116,ENSG00000162576,39,18.0,-8.85725e-05,0.58996826,0.0077539086,0.99739105,-0.0036367475986480713,0.9888489246368408,-0.0011246750364080071,0.9123854041099548
8_123725653_A_G,ENSG00000104537,0.778942420970216,-0.855165,ENSG00000104537,ENSG00000214814,ENSG00000165156,10,8.0,-0.00060980517,0.9863523,-0.004266461,0.9863523,-0.0015323450788855553,0.8866536617279053,-0.0006098051671870053,0.9863523244857788
14_94098420_G_A,ENSG00000165948,0.765702598911706,0.799565,ENSG00000165949,ENSG00000165948,ENSG00000165949,22,1.0,0.0028602977,0.9950395,0.005138328,0.99089086,0.002860297681763768,0.9950395226478577,0.005138327833265066,0.9908908605575562
3_142160128_G_A,ENSG00000114126,0.761618358678522,0.464705,ENSG00000114126,ENSG00000285558,ENSG00000285558,9,2.0,0.0009850264,0.79474694,0.0012158155,0.9095027,0.001215815544128418,0.9095026850700378,0.0009850263595581055,0.7947469353675842
1_1810077_T_A,ENSG00000169885,0.760629913887991,-0.347091,ENSG00000008130,ENSG00000205116,ENSG00000175756,34,29.0,0.00029110163,0.5440255,0.004264742,0.9872408,0.0016698675462976098,0.8671202063560486,0.0001335938723059371,0.723420262336731
16_69343650_A_G,ENSG00000157315,0.753767054470812,-0.81088,ENSG00000213380,ENSG00000157315,ENSG00000259900,22,1.0,0.00052113086,0.8671202,-0.417698,0.9999972,-0.05810597911477089,0.9999087452888489,-0.4176979959011078,0.9999971985816956
19_10236408_T_C,ENSG00000267534,0.753286633245722,0.546355,ENSG00000267534,ENSG00000105371,ENSG00000129354,38,31.0,0.00021351501,0.9972084,-0.0029958289,0.9809011,0.002767999889329076,0.9802494645118713,0.0002135150134563446,0.9972084164619446
7_77397143_G_A,ENSG00000186088,0.749575737325476,0.814388,ENSG00000186088,ENSG00000186088,ENSG00000127947,9,1.0,0.21147655,0.9999949,0.21147655,0.9999949,0.015344017185270786,0.9994686841964722,0.21147654950618744,0.9999948740005493
12_29665316_G_A,ENSG00000133687,0.747381956677324,-0.675752,ENSG00000133687,ENSG00000133687,ENSG00000087502,4,1.0,-0.013482531,0.99920225,-0.013482531,0.99920225,-0.00019225354481022805,0.6221092343330383,-0.013482530601322651,0.9992022514343262
17_38255522_A_G,ENSG00000274512,0.746356712106261,0.927539,ENSG00000278845,ENSG00000277363,ENSG00000277972,17,17.0,-0.00064589083,0.7068712,-0.0025814772,0.9255302,0.0013880779733881354,0.7947469353675842,-0.00010959307110169902,0.5899682641029358
11_12050000_A_G,ENSG00000133816,0.744266537203229,-0.530458,ENSG00000050165,ENSG00000050165,ENSG00000170242,5,5.0,-0.002306809,0.9545266,-0.002306809,0.9545266,-0.0011071041226387024,0.7613780498504639,-0.00011370579159120098,0.6221092343330383
1_6206026_A_G,ENSG00000158286,0.743438549956997,-0.870437,ENSG00000158286,ENSG00000158286,ENSG00000116237,21,1.0,-0.16169335,0.99998266,-0.16169335,0.99998266,0.004215868655592203,0.9941264986991882,-0.16169334948062897,0.9999826550483704
5_69555714_G_A,ENSG00000205571,0.742212355849766,-0.980284,ENSG00000183474,ENSG00000085231,ENSG00000085231,14,11.0,0.0021801789,0.9065298,0.0021923855,0.9123854,0.002192385494709015,0.9123854041099548,-0.0003674030303955078,0.7541655898094177
5_40998094_T_C,ENSG00000171495,0.741478127433587,-0.781912,ENSG00000171495,ENSG00000171495,ENSG00000112936,9,1.0,-0.016129574,0.9997562,-0.016129574,0.9997562,-0.002538080094382167,0.9651346802711487,-0.016129573807120323,0.9997562170028687
13_43023570_C_T,ENSG00000120675,0.736940977787301,-1.11341,ENSG00000120675,ENSG00000120675,ENSG00000120675,5,1.0,-0.022283703,0.9997562,-0.022283703,0.9997562,-0.022283703088760376,0.9997562170028687,-0.022283703088760376,0.9997562170028687
19_5866643_A_G,ENSG00000171124,0.732571291709833,0.695071,ENSG00000130383,ENSG00000171124,ENSG00000187650,30,1.0,-0.12010797,0.99998534,0.22436666,0.99999416,0.0035024285316467285,0.9766461253166199,0.2243666648864746,0.999994158744812
7_134086377_C_T,ENSG00000155530,0.730864124195315,-0.798042,ENSG00000155530,ENSG00000198074,ENSG00000198074,6,3.0,-0.0012235641,0.8127267,-0.004498051,0.99451023,-0.004498051013797522,0.9945102334022522,-0.0012235641479492188,0.8127266764640808
19_11745576_C_A,ENSG00000205517,0.725337569090153,0.767841,ENSG00000197933,ENSG00000198003,ENSG00000130176,40,6.0,0.0021660824,0.9302391,-0.0057762465,0.9935001,-0.002490897895768285,0.9758510589599609,0.00225250911898911,0.9843870401382446
9_27529736_G_A,ENSG00000147894,0.721617618830793,-0.413856,ENSG00000120162,ENSG00000120162,ENSG00000096872,8,6.0,0.027059326,0.99978715,0.027059326,0.99978715,-0.000986725091934204,0.8539419174194336,0.0009448627824895084,0.775255024433136
4_165349860_T_A,ENSG00000109472,0.718035577329955,0.473663,ENSG00000109472,ENSG00000183439,ENSG00000109472,10,2.0,-0.0011792543,0.9123854,0.0014483532,0.8671202,-0.0011792542645707726,0.9123854041099548,-0.0011792542645707726,0.9123854041099548
7_64687243_G_A,ENSG00000234444,0.710868887318825,1.48118,ENSG00000196247,ENSG00000213462,,9,5.0,0.0016618967,0.9302391,0.0017148852,0.9151803,,,-0.0009633700246922672,0.7313966155052185
6_32557212_T_C,ENSG00000237541,0.710474104518817,1.18658,ENSG00000198502,ENSG00000231852,ENSG00000231852,38,9.0,-0.0021890502,0.9627358,-0.0060025174,0.9939247,-0.00600251741707325,0.9939246773719788,-0.0017993847141042352,0.9774153232574463
10_79335762_C_T,ENSG00000108179,0.708930302393255,-0.63564,ENSG00000108179,ENSG00000108179,ENSG00000108179,8,1.0,-0.009461007,0.99837565,-0.009461007,0.99837565,-0.009461007080972195,0.998375654220581,-0.009461007080972195,0.998375654220581
19_57352545_C_T,ENSG00000131845,0.704816646455672,-0.536012,ENSG00000131845,ENSG00000105146,ENSG00000131845,44,5.0,0.001358976,0.8970444,0.0034585793,0.9694861,0.001358976005576551,0.8970444202423096,0.001358976005576551,0.8970444202423096
19_21599427_T_C,ENSG00000196268,0.704083699531123,-0.532477,ENSG00000197013,ENSG00000197013,,11,8.0,-0.0023028057,0.9639548,-0.0023028057,0.9639548,,,0.0002236763684777543,0.7152459621429443
8_142785741_C_T,ENSG00000180155,0.70382194313249,0.744028,ENSG00000167656,ENSG00000167656,ENSG00000160932,25,6.0,-0.066153765,0.9999255,-0.066153765,0.9999255,0.0019425054779276252,0.9480980634689331,0.002437988994643092,0.9914851188659668
19_35739273_T_C,ENSG00000126246,0.701768278990701,1.06105,ENSG00000126246,ENSG00000267120,ENSG00000267120,54,3.0,0.01212432,0.9999552,-0.107767016,0.99996585,-0.1077670156955719,0.9999658465385437,0.012124319560825825,0.9999551773071289
1_201983470_G_A,ENSG00000176393,0.700507749143839,-0.708284,ENSG00000176393,ENSG00000176393,ENSG00000176393,15,1.0,-0.007881972,0.99973017,-0.007881972,0.99973017,-0.007881972007453442,0.9997301697731018,-0.007881972007453442,0.9997301697731018
14_24402720_C_T,ENSG00000205978,0.694433271541709,0.575716,ENSG00000205978,ENSG00000205978,ENSG00000205978,46,1.0,0.08690476,0.99997014,0.08690476,0.99997014,0.08690475672483444,0.9999701380729675,0.08690475672483444,0.9999701380729675
12_57078761_C_T,ENSG00000166881,0.694090855944669,1.617,ENSG00000166881,ENSG00000166866,ENSG00000139547,35,24.0,0.00050794083,0.99962133,-0.010226945,0.99876106,0.006520946975797415,0.9932768940925598,0.0005079408292658627,0.9996213316917419
19_54962842_G_A,ENSG00000022556,0.690810085771309,0.551727,ENSG00000167634,ENSG00000160472,ENSG00000180089,48,13.0,0.00044663748,0.72342026,0.005818983,0.9960848,0.004764344543218613,0.9911929965019226,0.0021092593669891357,0.9673817157745361
18_12439063_A_C,ENSG00000141391,0.687556434501915,0.700112,ENSG00000141391,ENSG00000141391,ENSG00000176014,11,1.0,-0.019589743,0.99956644,-0.019589743,0.99956644,0.0013902907958254218,0.8866536617279053,-0.0195897426456213,0.9995664358139038
1_109675302_G_A,ENSG00000134184,0.686470096339947,-0.72236,ENSG00000213366,ENSG00000213366,ENSG00000168765,27,13.0,-0.06528896,0.9998955,-0.06528896,0.9998955,-0.00416863476857543,0.9809011220932007,-0.000894034921657294,0.9978704452514648
7_5890028_A_T,ENSG00000146574,0.671178639241835,0.388108,ENSG00000122674,ENSG00000122543,ENSG00000008256,17,,0.00023541848,0.600902,0.004426956,0.99230486,0.0007851819391362369,0.723420262336731,,
2_48346756_G_C,ENSG00000170802,0.668282026633973,0.709306,ENSG00000170802,ENSG00000170802,ENSG00000170802,8,1.0,-0.034807503,0.9997478,-0.034807503,0.9997478,-0.03480750322341919,0.9997478127479553,-0.03480750322341919,0.9997478127479553
1_34952435_C_G,ENSG00000197056,0.667882841312909,1.23479,ENSG00000116544,ENSG00000188910,ENSG00000243749,14,14.0,-0.0015064875,0.8539419,-0.002930085,0.9815315,-0.0017404252430424094,0.9003032445907593,1.5775362044223584e-05,0.414018452167511
19_6737228_T_C,ENSG00000125734,0.665360874222435,-0.534569,ENSG00000125734,ENSG00000125734,ENSG00000125734,28,1.0,-0.033583693,0.99982625,-0.033583693,0.99982625,-0.03358369320631027,0.9998262524604797,-0.03358369320631027,0.9998262524604797
7_150375411_G_C,ENSG00000196456,0.662489199180078,-0.434052,ENSG00000196456,ENSG00000002726,ENSG00000002726,19,7.0,-0.0016486049,0.91788995,-0.0035820429,0.9833016,-0.0035820428747683764,0.98330157995224,-0.0016486048698425293,0.9178899526596069
8_143574807_G_C,ENSG00000204839,0.661348457831126,1.57369,ENSG00000204839,ENSG00000204839,ENSG00000147813,37,1.0,0.024880847,0.9996461,0.024880847,0.9996461,-0.016848759725689888,0.9993265271186829,0.024880846962332726,0.9996461272239685
1_25235176_G_A,ENSG00000187010,0.660771986869289,-1.08905,ENSG00000117614,ENSG00000187010,ENSG00000188672,10,1.0,-0.00043040514,0.72342026,-0.0020310804,0.9673817,-0.0016821721801534295,0.9627357721328735,-0.002031080424785614,0.9673817157745361
10_6053965_C_A,ENSG00000134460,0.660472489883484,0.649901,ENSG00000134460,ENSG00000134460,ENSG00000196372,9,1.0,0.033222914,0.99997115,0.033222914,0.99997115,-0.0019863571505993605,0.8970444202423096,0.03322291374206543,0.9999711513519287
X_50477410_C_A,ENSG00000171365,0.659576732519041,-0.72534,ENSG00000274588,ENSG00000147082,ENSG00000171365,6,5.0,0.00047351918,0.862855,0.003724734,0.9694861,-0.00032674087560735643,0.5674383044242859,-0.00032674087560735643,0.5674383044242859
X_21836243_T_C,ENSG00000230797,0.659052531205823,0.494834,ENSG00000012174,ENSG00000091482,ENSG00000102172,8,6.0,-0.0002113382,0.4685517,-0.0056856074,0.99204075,-0.0010564873227849603,0.829281210899353,-0.0008033116464503109,0.7391777634620667
1_39554348_C_A,ENSG00000183682,0.658185317121634,-0.985821,ENSG00000090621,ENSG00000183682,ENSG00000131236,13,1.0,0.00088780123,0.9914851,-0.02043116,0.9997722,0.0023282270412892103,0.9388101696968079,-0.020431160926818848,0.9997721910476685
19_458829_G_A,ENSG00000129946,0.656733857966959,-0.693496,ENSG00000129946,ENSG00000116014,ENSG00000129946,30,5.0,-0.0022754564,0.97145677,-0.003652672,0.98273104,-0.002275456441566348,0.97145676612854,-0.002275456441566348,0.97145676612854
12_32099194_C_T,ENSG00000151746,0.654766138113077,0.475809,ENSG00000151746,ENSG00000188375,ENSG00000139132,8,6.0,0.0010686914,0.839569,-0.0031671524,0.9774153,0.0010997751960530877,0.8344978094100952,0.0010686913738027215,0.8395689725875854
21_36203237_G_A,ENSG00000142197,0.649498096174344,1.0442,ENSG00000142197,ENSG00000159261,ENSG00000159228,9,3.0,-0.0033985972,0.9781595,0.004021307,0.9902553,-0.0019154002657160163,0.9346602559089661,-0.003398597240447998,0.978159487247467
4_2403611_C_A,ENSG00000159733,0.649171440438991,0.804622,ENSG00000159733,ENSG00000185818,ENSG00000109685,16,14.0,-0.00020627181,0.72342026,-0.0022005837,0.94078827,-0.0009895563125610352,0.7313966155052185,-0.00020627181220334023,0.723420262336731
5_167379024_A_C,ENSG00000145934,0.648125973169243,-0.871365,ENSG00000145934,ENSG00000145934,,1,1.0,-0.031895835,0.9998534,-0.031895835,0.9998534,,,-0.03189583495259285,0.9998533725738525
12_107670678_A_T,ENSG00000151136,0.647120358694706,0.596561,ENSG00000136045,ENSG00000110851,ENSG00000110851,5,3.0,-0.0007638571,0.73917776,-0.0007865184,0.7068712,-0.0007865183870308101,0.7068712115287781,0.0005083878641016781,0.8829761743545532
1_25573724_T_C,ENSG00000157978,0.646611977012186,-0.356263,ENSG00000157978,ENSG00000157978,ENSG00000157978,18,1.0,0.0076617845,0.9977972,0.0076617845,0.9977972,0.007661784533411264,0.9977971911430359,0.007661784533411264,0.9977971911430359
11_6903328_G_A,ENSG00000149054,0.644574026016069,0.85138,ENSG00000166368,ENSG00000110169,ENSG00000110169,27,19.0,0.00057085353,0.94078827,0.0018532152,0.8902224,0.0018532151589170098,0.8902223706245422,-0.00015989939856808633,0.7613780498504639
19_51019947_T_C,ENSG00000167757,0.644519799396663,0.658992,ENSG00000129451,ENSG00000129451,ENSG00000269403,44,4.0,0.056583565,0.99995667,0.056583565,0.99995667,0.0027086336631327868,0.9427042603492737,0.006124893669039011,0.9993489384651184
3_69105192_C_G,ENSG00000144746,0.640995077017545,-0.422706,ENSG00000163380,ENSG00000144746,ENSG00000144746,7,1.0,-0.003697157,0.9963409,-0.01833897,0.9996083,-0.018338970839977264,0.9996082782745361,-0.018338970839977264,0.9996082782745361
8_89889825_T_C,ENSG00000164823,0.639443692777347,0.337708,ENSG00000164823,ENSG00000164823,ENSG00000164823,5,1.0,-0.0013109595,0.8068961,-0.0013109595,0.8068961,-0.0013109594583511353,0.8068960905075073,-0.0013109594583511353,0.8068960905075073
22_38700597_T_C,ENSG00000100221,0.632407835771279,0.42131,ENSG00000100221,ENSG00000100221,ENSG00000100221,27,1.0,0.022154897,0.999691,0.022154897,0.999691,0.022154897451400757,0.9996910095214844,0.022154897451400757,0.9996910095214844
3_44721338_A_G,ENSG00000196653,0.632325107420883,0.520909,ENSG00000186446,ENSG00000196653,ENSG00000163807,19,1.0,0.01857253,0.9996579,0.02645441,0.9998141,0.0046259015798568726,0.9939246773719788,0.026454409584403038,0.9998140931129456
17_47332020_T_A,ENSG00000178852,0.628468001859659,0.428508,ENSG00000178852,ENSG00000108379,ENSG00000141279,19,7.0,-0.0012489954,0.8127267,0.005165259,0.99595016,0.0011923114070668817,0.8183988928794861,-0.0012489954242482781,0.8127266764640808
19_893080_A_G,ENSG00000175221,0.621178664415254,-0.394086,ENSG00000175221,ENSG00000175221,ENSG00000175221,47,1.0,0.021200651,0.9996083,0.021200651,0.9996083,0.021200651302933693,0.9996082782745361,0.021200651302933693,0.9996082782745361
2_108269979_C_T,ENSG00000198203,0.611251203083636,0.580681,ENSG00000198203,ENSG00000196862,ENSG00000153201,9,3.0,0.0012153586,0.88665366,0.0021203358,0.89368504,0.0005895718932151794,0.7313966155052185,0.0012153586139902472,0.8866536617279053
19_19826104_C_G,ENSG00000081665,0.604157576035544,0.449904,ENSG00000081665,ENSG00000178093,ENSG00000258674,20,4.0,0.0017907819,0.8970444,-0.006727179,0.9939247,-0.0007291262154467404,0.6982934474945068,0.0017907818546518683,0.8970444202423096
14_51028818_G_A,ENSG00000100505,0.602753798799329,1.20745,ENSG00000100505,ENSG00000100505,ENSG00000012983,9,1.0,0.006467303,0.994869,0.006467303,0.994869,0.000906527042388916,0.8671202063560486,0.006467302795499563,0.9948689937591553
22_29217450_C_T,ENSG00000186998,0.599960132370682,1.03731,ENSG00000186998,ENSG00000186998,ENSG00000183762,19,1.0,-0.017274758,0.9998077,-0.017274758,0.9998077,0.0015157362213358283,0.9445600509643555,-0.017274757847189903,0.9998077154159546
11_102530930_T_C,ENSG00000137673,0.5996192965056,-0.540672,ENSG00000137673,ENSG00000137673,ENSG00000196611,14,1.0,-0.35144225,0.99999714,-0.35144225,0.99999714,0.0026011813897639513,0.9427042603492737,-0.35144224762916565,0.9999971389770508
1_46198577_A_G,ENSG00000171357,0.598598935657736,1.39767,ENSG00000171357,ENSG00000171357,ENSG00000085998,23,1.0,0.37612855,0.999998,0.37612855,0.999998,-0.020351488143205643,0.9995948076248169,0.37612855434417725,0.9999979734420776
7_150825973_A_G,ENSG00000002726,0.597843068025063,0.998736,ENSG00000002726,ENSG00000002726,ENSG00000002726,37,1.0,0.0085445745,0.9984297,0.0085445745,0.9984297,0.008544574491679668,0.9984297156333923,0.008544574491679668,0.9984297156333923
2_3594771_T_C,ENSG00000151360,0.59174555359011,-0.543985,ENSG00000118004,ENSG00000118004,ENSG00000118004,9,3.0,-0.02454172,0.99958086,-0.02454172,0.99958086,-0.024541720747947693,0.9995808601379395,0.0035123031120747328,0.9994503855705261
19_57643721_G_A,ENSG00000121417,0.58805720799219,0.555872,ENSG00000121417,ENSG00000180532,ENSG00000268133,52,49.0,-4.253785e-05,0.9230626,0.0036923091,0.9733019,0.001453956007026136,0.8936850428581238,-4.253784936736338e-05,0.9230626225471497
1_153628302_G_A,ENSG00000189171,0.585745132509169,0.351412,ENSG00000160678,ENSG00000160678,ENSG00000189171,39,2.0,-0.27350488,0.9999947,-0.27350488,0.9999947,-0.007093647960573435,0.9974778294563293,-0.007093647960573435,0.9974778294563293
13_42992237_A_C,ENSG00000133106,0.580825237095972,0.666165,ENSG00000133106,ENSG00000133106,ENSG00000120675,5,1.0,0.1679477,0.9999899,0.1679477,0.9999899,0.005050609353929758,0.9959501624107361,0.1679476946592331,0.999989926815033
1_205633549_G_A,ENSG00000174514,0.578174385065837,-0.408087,ENSG00000158711,ENSG00000117266,ENSG00000117222,20,4.0,0.001296139,0.7819256,-0.0029969413,0.9514159,-0.0019064446678385139,0.8902223706245422,-0.0019179979572072625,0.9003032445907593
3_119642403_A_G,ENSG00000121577,0.57614451383925,-0.446514,ENSG00000121577,ENSG00000121577,ENSG00000144837,18,1.0,-0.016577959,0.99943143,-0.016577959,0.99943143,-0.006721446756273508,0.9928072094917297,-0.016577959060668945,0.9994314312934875
14_34499698_C_T,ENSG00000165389,0.575447597629975,-0.674712,ENSG00000129521,ENSG00000129518,ENSG00000129518,7,3.0,0.00056703883,0.71524596,0.0014629246,0.8752832,0.001462924643419683,0.8752831816673279,-0.0008477146620862186,0.8009039163589478
4_125313776_A_G,ENSG00000196159,0.573216024733167,0.56386,ENSG00000196159,ENSG00000196159,,1,1.0,0.003187726,0.99089086,0.003187726,0.99089086,,,0.003187726018950343,0.9908908605575562
15_90233143_T_C,ENSG00000185043,0.57142191003886,0.469693,ENSG00000183208,ENSG00000185043,ENSG00000185043,21,1.0,-0.0036009152,0.9943216,0.0064600506,0.9996083,0.0064600505866110325,0.9996082782745361,0.0064600505866110325,0.9996082782745361
12_6906751_A_G,ENSG00000010626,0.569398224787868,1.06543,ENSG00000111674,ENSG00000111664,ENSG00000111678,45,30.0,-0.0019822915,0.90030324,0.0043736496,0.98385334,-0.0031599525827914476,0.970487654209137,0.0003908077778760344,0.7541655898094177
10_47557412_C_A,ENSG00000204172,0.56837974754536,-1.0591,ENSG00000204172,ENSG00000266524,,10,5.0,0.0008476774,0.8068961,-0.0027192433,0.9614764,,,0.000847677409183234,0.8068960905075073
13_94606690_T_C,ENSG00000152749,0.564218894417575,-0.78722,ENSG00000152749,ENSG00000080166,ENSG00000152749,5,3.0,0.0010146002,0.82391596,0.0017464956,0.8752832,0.0010146001586690545,0.823915958404541,0.0010146001586690545,0.823915958404541
4_1281669_T_C,ENSG00000090316,0.559906103030278,-0.570469,ENSG00000090316,ENSG00000163950,ENSG00000163950,19,19.0,3.2509368e-05,0.7068712,-0.002140281,0.9302391,-0.0021402810234576464,0.9302390813827515,3.2509367883903906e-05,0.7068712115287781
1_24541244_G_T,ENSG00000117602,0.559728227903124,0.609334,ENSG00000184454,ENSG00000184454,ENSG00000169504,11,2.0,0.114841305,0.9999787,0.114841305,0.9999787,0.0029455621261149645,0.9514158964157104,0.03849174454808235,0.9998881816864014
1_52602758_G_A,ENSG00000116157,0.558871383672664,-0.902531,ENSG00000116157,ENSG00000116157,ENSG00000116157,14,1.0,-0.25501022,0.9999915,-0.25501022,0.9999915,-0.2550102174282074,0.9999914765357971,-0.2550102174282074,0.9999914765357971
22_43181208_C_T,ENSG00000100304,0.557327755999855,-0.461456,ENSG00000100304,ENSG00000159307,ENSG00000100300,12,9.0,0.0004064863,0.69829345,0.0031645298,0.9809011,-0.002725559053942561,0.9427042603492737,0.0004064863023813814,0.6982934474945068
7_30755715_A_G,ENSG00000106125,0.556230741182452,0.465453,ENSG00000254959,ENSG00000241644,ENSG00000006625,14,4.0,-0.0019305745,0.9849032,-0.021592,0.99958086,0.0011369114508852363,0.8829761743545532,0.0016387304058298469,0.9151803255081177
15_99733217_C_G,ENSG00000183060,0.555038550983574,-0.748275,ENSG00000183060,ENSG00000068305,ENSG00000068305,5,3.0,-0.001048247,0.9876632,0.0026619534,0.9529964,0.0026619534473866224,0.9529963731765747,-0.0010482469806447625,0.987663209438324
5_82104445_A_C,ENSG00000152348,0.55337960608692,0.79128,ENSG00000152348,ENSG00000186468,ENSG00000186468,3,2.0,0.0015926957,0.8970444,0.0019252002,0.92792165,0.0019252002239227295,0.9279216527938843,0.0015926957130432129,0.8970444202423096
12_4648730_T_C,ENSG00000111254,0.552347788809913,0.54799,ENSG00000111254,ENSG00000111254,ENSG00000255639,16,1.0,0.0088972645,0.99952,0.0088972645,0.99952,0.0029925573617219925,0.9463574290275574,0.008897264488041401,0.9995200037956238
19_57559827_C_T,ENSG00000251369,0.549944925545049,0.756257,ENSG00000251369,ENSG00000251369,ENSG00000204519,50,1.0,0.05148089,0.9998843,0.05148089,0.9998843,-0.0014124363660812378,0.8752831816673279,0.051480889320373535,0.999884307384491
12_20916115_G_A,ENSG00000257062,0.549474933731262,1.12965,ENSG00000257046,ENSG00000111700,ENSG00000111700,9,2.0,0.0030005898,0.99922884,-0.10078714,0.999967,-0.10078714042901993,0.9999669790267944,0.06773897260427475,0.9999581575393677
17_76710298_C_T,ENSG00000182534,0.549022303847028,-0.593,ENSG00000182534,ENSG00000182534,ENSG00000182534,21,1.0,-0.027033007,0.99968034,-0.027033007,0.99968034,-0.02703300677239895,0.9996803402900696,-0.02703300677239895,0.9996803402900696
10_123914031_T_G,ENSG00000121898,0.543004435334381,-0.713098,ENSG00000121898,ENSG00000121898,ENSG00000182022,4,1.0,-0.004604409,0.99888074,-0.004604409,0.99888074,-0.0015710294246673584,0.8902223706245422,-0.004604408983141184,0.9988807439804077
15_41841304_T_C,ENSG00000243708,0.53952001467669,0.934457,ENSG00000243708,ENSG00000092529,ENSG00000092445,23,2.0,0.003923287,0.9876632,0.0043656826,0.98214126,0.0019533608574420214,0.9205166101455688,0.003923287149518728,0.987663209438324
5_168531414_C_G,ENSG00000188573,0.539180244648351,0.941633,ENSG00000188573,ENSG00000188573,ENSG00000113645,6,1.0,0.0116119785,0.9992545,0.0116119785,0.9992545,0.001228680252097547,0.8344978094100952,0.011611978523433208,0.9992545247077942
6_25829810_C_A,ENSG00000124568,0.53570476007445,0.797898,ENSG00000124568,ENSG00000124568,ENSG00000158373,44,1.0,0.0046983906,0.99566686,0.0046983906,0.99566686,0.004272054880857468,0.995810866355896,0.004698390606790781,0.9956668615341187
18_12552633_A_T,ENSG00000134278,0.531498172312793,0.941397,ENSG00000128789,ENSG00000141401,ENSG00000141401,12,7.0,0.0012955567,0.8444979,-0.0038451373,0.9766461,-0.0038451373111456633,0.9766461253166199,-0.0006948113441467285,0.9802494645118713
1_239913308_A_G,ENSG00000133019,0.528721685151364,0.493307,ENSG00000155816,ENSG00000133019,,2,1.0,0.00065167743,0.78842187,0.018992543,0.9997643,,,0.01899254322052002,0.9997643232345581
7_28140480_C_T,ENSG00000153814,0.52568355197298,-0.978998,ENSG00000153814,ENSG00000106049,ENSG00000106049,4,2.0,-0.0018298825,0.8970444,-0.002722416,0.9367681,-0.0027224160730838776,0.936768114566803,-0.0018298825016245246,0.8970444202423096
14_73526314_A_G,ENSG00000184227,0.524893641623527,0.472291,ENSG00000184227,ENSG00000205669,ENSG00000184227,21,2.0,-0.0019289082,0.9302391,-0.0046564736,0.9876632,-0.0019289081683382392,0.9302390813827515,-0.0019289081683382392,0.9302390813827515
6_7590420_A_G,ENSG00000168566,0.521544615828146,-0.442695,ENSG00000168566,ENSG00000168566,ENSG00000168566,12,1.0,-0.01562933,0.99970126,-0.01562933,0.99970126,-0.015629330649971962,0.9997012615203857,-0.015629330649971962,0.9997012615203857
16_89871237_G_C,ENSG00000178773,0.51953373851898,-1.02138,ENSG00000141002,ENSG00000178773,ENSG00000288715,22,1.0,-8.268654e-05,0.45522588,-0.0027127464,0.9627358,-0.0013189837336540222,0.9766461253166199,-0.0027127463836222887,0.9627357721328735
22_37483241_G_A,ENSG00000100065,0.518461487517411,1.03123,ENSG00000100060,ENSG00000100079,ENSG00000100079,32,22.0,0.0015821457,0.9514159,0.004326278,0.9858853,0.004326277878135443,0.9858853220939636,-0.0005230903625488281,0.6713192462921143
8_2117303_T_G,ENSG00000036448,0.517637006652486,0.549629,ENSG00000036448,ENSG00000198010,ENSG00000182372,6,3.0,0.00041282177,0.7684068,0.0011018118,0.879187,0.00040356317185796797,0.7391777634620667,0.00041282176971435547,0.7684068083763123
2_70825809_A_G,ENSG00000152672,0.513320553800449,-0.43147,ENSG00000152672,ENSG00000035141,ENSG00000124370,16,16.0,6.5763794e-05,0.8344978,-0.0032037895,0.9588311,0.0017500793328508735,0.903464138507843,6.57637938275002e-05,0.8344978094100952
4_732533_G_A,ENSG00000185619,0.511053661654427,-0.607606,ENSG00000185619,ENSG00000169020,ENSG00000169020,20,3.0,0.0023054585,0.9733019,-0.002707526,0.9514159,-0.0027075260877609253,0.9514158964157104,0.0023054585326462984,0.973301887512207
X_15796127_G_C,ENSG00000169249,0.509850540328589,-0.575557,ENSG00000169249,ENSG00000165192,ENSG00000182287,13,4.0,-0.0020987391,0.9255302,0.006572008,0.99551785,-0.0009537835721857846,0.8444979190826416,-0.0020987391471862793,0.925530195236206
16_78282803_C_G,ENSG00000186153,0.5096535967079,0.390172,ENSG00000186153,ENSG00000171724,,3,3.0,-0.00047985712,0.7313966,-0.0048855343,0.98846686,,,-0.00047985711717046797,0.7313966155052185
13_114112699_G_A,ENSG00000185989,0.509458059156514,-0.511173,ENSG00000185989,ENSG00000186009,ENSG00000183087,11,10.0,0.0005691151,0.7684068,-0.003627797,0.9833016,-0.001372170983813703,0.9205166101455688,0.0005691151018254459,0.7684068083763123
6_32968343_C_T,ENSG00000204257,0.508780556737961,1.39895,ENSG00000204256,ENSG00000204257,ENSG00000204257,40,1.0,-0.0013504425,0.98846686,0.068973415,0.99997306,0.06897341459989548,0.9999730587005615,0.06897341459989548,0.9999730587005615
1_51562424_C_A,ENSG00000078618,0.50780175037921,1.13,ENSG00000117859,ENSG00000123091,ENSG00000123091,11,11.0,0.0006038821,0.62210923,-0.001232932,0.775255,-0.0012329319724813104,0.775255024433136,-3.5570934414863586e-05,0.5440254807472229
2_201043814_G_A,ENSG00000240344,0.504529526987186,-0.812766,ENSG00000119013,ENSG00000138356,ENSG00000138356,17,13.0,0.00029508024,0.72342026,-0.0019005599,0.90346414,-0.0019005598733201623,0.903464138507843,-0.00024643540382385254,0.6221092343330383
11_65556805_C_T,ENSG00000168056,0.504062372228306,1.19974,ENSG00000168056,ENSG00000175294,ENSG00000168056,53,2.0,0.0029376224,0.96845114,-0.0029757817,0.9741798,0.002937622368335724,0.9684511423110962,0.002937622368335724,0.9684511423110962
X_119395733_C_G,ENSG00000077713,0.500799104630932,0.380724,ENSG00000077713,ENSG00000077713,ENSG00000077713,16,1.0,0.006439179,0.99756175,0.006439179,0.99756175,0.006439179182052612,0.9975617527961731,0.006439179182052612,0.9975617527961731
14_103110106_T_C,ENSG00000205436,0.500693504504533,0.497295,ENSG00000185215,ENSG00000205436,ENSG00000205436,16,1.0,0.00037784813,0.8444979,0.006706337,0.9979413,0.0067063369788229465,0.9979413151741028,0.0067063369788229465,0.9979413151741028
14_59473099_A_T,ENSG00000181619,0.500517991526057,1.80237,ENSG00000181619,ENSG00000126790,ENSG00000126790,7,2.0,0.13729858,0.99997944,-0.17425434,0.9999863,-0.17425434291362762,0.9999862909317017,0.137298583984375,0.9999794363975525
2_163614467_T_G,ENSG00000182263,0.500453139718162,0.52617,ENSG00000182263,ENSG00000182263,,1,1.0,0.001067082,0.7684068,0.001067082,0.7684068,,,0.001067082048393786,0.7684068083763123
7_150800408_C_A,ENSG00000106565,0.500390345609369,-0.795848,ENSG00000002933,ENSG00000106565,ENSG00000106565,36,1.0,-0.14279334,0.99998957,-0.35962555,0.9999974,-0.35962554812431335,0.9999973773956299,-0.35962554812431335,0.9999973773956299
13_28955240_T_C,ENSG00000132938,0.50037161247539,-0.813547,ENSG00000132938,ENSG00000132938,ENSG00000102755,4,1.0,-0.014764587,0.99943143,-0.014764587,0.99943143,0.0010647823801264167,0.9003032445907593,-0.01476458739489317,0.9994314312934875
6_32829016_G_A,ENSG00000241106,0.500138263864657,1.71115,ENSG00000241106,ENSG00000241106,ENSG00000250264,38,1.0,0.028039733,0.99963397,0.028039733,0.99963397,-0.020809443667531013,0.9993916153907776,0.028039732947945595,0.9996339678764343
14_73566890_A_G,ENSG00000119673,0.500103660934364,-0.344881,ENSG00000119673,ENSG00000184227,ENSG00000184227,22,22.0,-5.0156377e-06,0.6619072,0.0026280426,0.9560082,0.002628042595461011,0.9560081958770752,-5.0156377255916595e-06,0.6619071960449219
15_82270114_C_T,ENSG00000188659,0.500043235110276,-0.27485,ENSG00000188659,ENSG00000103723,ENSG00000140598,9,4.0,0.0006221135,0.89368504,0.002070268,0.9497837,-0.0015325546264648438,0.8671202063560486,0.0006221135263331234,0.8936850428581238
1_27893147_C_G,ENSG00000117748,0.500029723114068,1.36286,ENSG00000130775,ENSG00000181773,ENSG00000126709,21,16.0,-0.0018912753,0.9529964,0.002041797,0.9497837,0.0014637609710916877,0.9123854041099548,-0.00023182078439276665,0.6009020209312439
5_96916885_T_C,ENSG00000164308,0.500027609766122,1.16477,ENSG00000113441,ENSG00000145721,ENSG00000058729,7,2.0,0.00031507015,0.74676645,-0.0018880764,0.94809806,-0.001005926518701017,0.7541655898094177,0.0017890135059133172,0.9205166101455688
