variant_id,eGene,pip,beta,nearest,AG_top,AG_top_expressed,n_genes,eGene_rank_AG
14_102922602_C_G,ENSG00000166126,1.0,-0.189718,ENSG00000166126,ENSG00000166126,ENSG00000166126,12,1.0
21_44057219_G_A,ENSG00000241945,1.0,1.11392,ENSG00000160218,ENSG00000160207,ENSG00000160209,24,8.0
X_149527012_G_T,ENSG00000241489,0.999999999999971,-0.794631,ENSG00000010404,ENSG00000156009,ENSG00000197021,14,4.0
2_127648067_C_T,ENSG00000144230,0.999999999999958,1.73469,ENSG00000144230,ENSG00000072163,ENSG00000115718,14,3.0
1_109509517_A_G,ENSG00000181754,0.999999999999467,0.857689,ENSG00000181754,ENSG00000181754,ENSG00000198758,28,1.0
19_44857967_G_A,ENSG00000130202,0.999999999998519,-0.791477,ENSG00000130202,ENSG00000130202,ENSG00000130202,34,1.0
6_135302695_C_T,ENSG00000135541,0.999999999942493,-0.718696,ENSG00000118513,ENSG00000135541,ENSG00000118514,4,1.0
19_13763485_G_A,ENSG00000037757,0.999999999788178,-2.07556,ENSG00000037757,ENSG00000187867,ENSG00000105011,21,9.0
22_18531430_G_A,ENSG00000278558,0.999999999779882,-0.713784,ENSG00000278558,ENSG00000274252,ENSG00000288683,13,2.0
X_2952412_C_T,ENSG00000157399,0.999999999775294,-0.468667,ENSG00000157399,ENSG00000062096,ENSG00000056998,10,8.0
21_42993347_G_A,ENSG00000160200,0.999999999716928,-0.991367,ENSG00000160199,ENSG00000233056,ENSG00000160191,11,4.0
6_3003736_A_G,ENSG00000124588,0.999999996962651,-0.677277,ENSG00000124588,ENSG00000145949,ENSG00000124588,12,2.0
4_186200855_C_A,ENSG00000145476,0.999999996560733,-0.720369,ENSG00000290316,ENSG00000164344,ENSG00000164344,10,3.0
5_71044045_G_T,ENSG00000145736,0.999999995544772,-0.864914,ENSG00000249437,ENSG00000145736,ENSG00000145734,5,1.0
1_111195494_T_G,ENSG00000162777,0.999999989901918,0.696171,ENSG00000064886,ENSG00000162777,ENSG00000134255,16,1.0
22_50562842_G_A,ENSG00000217442,0.999999989044447,1.45962,ENSG00000217442,ENSG00000217442,ENSG00000025708,31,1.0
16_15036083_C_T,ENSG00000183793,0.99999998052953,0.82481,ENSG00000157045,ENSG00000179889,ENSG00000179889,14,9.0
11_1941470_C_T,ENSG00000214026,0.999999953818962,-1.07299,ENSG00000214026,ENSG00000244242,ENSG00000214026,30,3.0
13_46675725_A_G,ENSG00000136141,0.999999945199742,0.467678,ENSG00000139684,ENSG00000136167,ENSG00000139684,6,6.0
20_63365354_A_G,ENSG00000101204,0.999999797651836,-0.100687,ENSG00000101204,ENSG00000101204,ENSG00000101216,32,1.0
19_43984200_G_A,ENSG00000204920,0.999999769160732,-1.09616,ENSG00000204920,ENSG00000204920,ENSG00000167378,39,1.0
1_1689221_G_A,ENSG00000008128,0.999999674763875,-1.35337,ENSG00000189339,ENSG00000169885,ENSG00000224051,40,37.0
19_35309759_G_T,ENSG00000012124,0.99999938350811,-1.09172,ENSG00000012124,ENSG00000105695,ENSG00000105697,45,2.0
14_90330430_A_G,ENSG00000119720,0.999999239814876,0.736697,ENSG00000119720,ENSG00000119720,ENSG00000100764,7,1.0
19_5293037_C_T,ENSG00000105426,0.999999201114895,0.51107,ENSG00000105426,ENSG00000167733,ENSG00000105355,20,19.0
19_52781467_C_G,ENSG00000189190,0.999999168992843,0.627492,ENSG00000189190,ENSG00000189190,ENSG00000167766,29,1.0
19_52897507_C_A,ENSG00000182986,0.999996452377373,-0.486002,ENSG00000182986,ENSG00000182986,ENSG00000170949,28,1.0
12_51849336_C_G,ENSG00000261308,0.999995996480407,0.571514,ENSG00000261308,ENSG00000261308,ENSG00000123395,19,1.0
19_2936537_G_A,ENSG00000175691,0.999995639953438,1.28643,ENSG00000175691,ENSG00000178297,ENSG00000125912,24,2.0
19_10002012_A_G,ENSG00000080573,0.99999535653248,0.598922,ENSG00000080573,ENSG00000105376,ENSG00000244165,35,6.0
16_31393250_T_C,ENSG00000156886,0.999994235609637,0.603484,ENSG00000156886,ENSG00000156886,ENSG00000099377,33,1.0
6_130053316_T_A,ENSG00000198945,0.999992688178611,-0.866761,ENSG00000198945,ENSG00000146376,ENSG00000146376,5,4.0
14_94129652_T_C,ENSG00000119632,0.999982448343046,-0.511389,ENSG00000119632,ENSG00000119632,ENSG00000119632,22,1.0
8_144428520_G_C,ENSG00000160948,0.999969936361974,1.53542,ENSG00000160948,ENSG00000160948,ENSG00000160948,49,1.0
17_41974115_G_A,ENSG00000173786,0.999952979954062,-0.639561,ENSG00000173786,ENSG00000267221,ENSG00000173812,39,27.0
21_44207698_A_T,ENSG00000160223,0.999943026957058,0.84786,ENSG00000160223,ENSG00000160221,ENSG00000160226,33,2.0
9_133635393_T_C,ENSG00000196990,0.999941262876502,-0.981356,ENSG00000123454,ENSG00000123454,ENSG00000160325,25,11.0
19_55166155_C_T,ENSG00000167646,0.999939932121277,0.929964,ENSG00000167646,ENSG00000167646,ENSG00000180089,54,1.0
18_11905954_C_T,ENSG00000154889,0.999929160187667,-0.389349,ENSG00000154889,ENSG00000176194,ENSG00000141385,10,3.0
1_177969302_G_A,ENSG00000120341,0.999920297901607,0.705707,ENSG00000120341,ENSG00000120341,ENSG00000120341,3,1.0
10_113679635_C_T,ENSG00000165806,0.999916798313471,0.704992,ENSG00000165806,ENSG00000165806,ENSG00000165806,10,1.0
19_9324196_C_T,ENSG00000188321,0.999915154300933,-0.983817,ENSG00000270011,ENSG00000188321,ENSG00000198258,25,1.0
11_63609847_G_C,ENSG00000176485,0.999912463661981,-0.601416,ENSG00000176485,ENSG00000176485,ENSG00000176485,20,1.0
20_3069244_T_G,ENSG00000101405,0.999890476572188,0.637878,ENSG00000101405,ENSG00000101405,ENSG00000101405,23,1.0
X_14893907_C_T,ENSG00000130150,0.999821367397281,-0.700826,ENSG00000130150,ENSG00000087842,ENSG00000087842,8,6.0
7_5910199_C_T,ENSG00000122674,0.999820124017902,-0.332155,ENSG00000122674,ENSG00000157999,ENSG00000106305,18,2.0
12_54182016_C_A,ENSG00000123415,0.999643995231684,-0.509769,ENSG00000123415,ENSG00000123415,ENSG00000135447,26,1.0
17_7261180_C_T,ENSG00000181885,0.999562058779099,-1.0958,ENSG00000262302,ENSG00000181885,ENSG00000181885,64,1.0
7_77540465_C_G,ENSG00000127947,0.999521356380364,0.402211,ENSG00000127947,ENSG00000127947,ENSG00000127947,10,1.0
5_177755817_C_A,ENSG00000170074,0.999509282591026,0.761524,ENSG00000170074,ENSG00000131187,ENSG00000131187,28,9.0
17_15976596_C_T,ENSG00000170425,0.999490206926997,-0.923293,ENSG00000214941,ENSG00000214941,ENSG00000214941,18,2.0
7_95324583_G_A,ENSG00000005421,0.999408088024825,-0.452573,ENSG00000005421,ENSG00000005421,ENSG00000005421,7,1.0
22_50625049_T_C,ENSG00000100299,0.999384825918479,-1.11148,ENSG00000100299,ENSG00000100299,ENSG00000100299,29,1.0
2_55232237_T_G,ENSG00000162994,0.99926910839348,0.948732,ENSG00000162994,ENSG00000162994,ENSG00000143947,9,1.0
1_109274968_G_T,ENSG00000134243,0.999215599971967,1.32423,ENSG00000134222,ENSG00000134222,ENSG00000134222,29,4.0
12_56042145_C_G,ENSG00000197728,0.999110195408951,-1.10734,ENSG00000197728,ENSG00000197728,ENSG00000197728,50,1.0
17_7280727_G_A,ENSG00000006047,0.998806209328517,0.691028,ENSG00000181856,ENSG00000181856,ENSG00000181885,64,2.0
1_200681362_C_T,ENSG00000118197,0.998802877901344,-0.52417,ENSG00000118197,ENSG00000163395,ENSG00000163362,11,7.0
X_154412069_T_C,ENSG00000013563,0.998773935849489,0.306235,ENSG00000013563,ENSG00000102125,ENSG00000102125,40,2.0
9_35801439_C_T,ENSG00000159899,0.998759654087218,-0.906424,ENSG00000159899,ENSG00000159899,ENSG00000285645,31,1.0
10_50565302_T_G,ENSG00000188611,0.998752530325532,1.1156,ENSG00000198964,ENSG00000188611,ENSG00000148584,6,1.0
1_1456829_G_C,ENSG00000215915,0.998681220090362,0.87488,ENSG00000215915,ENSG00000215915,ENSG00000242485,47,1.0
18_10526266_C_G,ENSG00000134265,0.99865853749067,-0.736415,ENSG00000134265,ENSG00000134265,ENSG00000134265,3,1.0
2_87822373_G_A,ENSG00000187627,0.998638113340235,0.723725,ENSG00000185304,ENSG00000144115,ENSG00000172086,6,
16_2936322_T_C,ENSG00000059122,0.998432102582534,0.920977,ENSG00000059122,ENSG00000213937,ENSG00000103145,50,6.0
9_128209149_G_A,ENSG00000106976,0.998204571136121,-1.13865,ENSG00000148337,ENSG00000148346,ENSG00000148346,37,2.0
10_45947840_C_T,ENSG00000188234,0.998202014429331,-0.893713,ENSG00000265354,ENSG00000012779,ENSG00000266412,11,7.0
2_230377417_G_T,ENSG00000135899,0.998156769515403,-1.31098,ENSG00000067066,ENSG00000153832,ENSG00000135916,9,2.0
5_77217088_T_C,ENSG00000113231,0.998152853046811,-0.772016,ENSG00000113231,ENSG00000113231,ENSG00000145703,13,1.0
1_197902889_G_T,ENSG00000203724,0.998003303563421,-0.499723,ENSG00000203724,ENSG00000203724,ENSG00000203724,5,1.0
15_78131254_A_C,ENSG00000136425,0.99766396982013,0.867959,ENSG00000166411,ENSG00000136425,ENSG00000136425,15,1.0
12_103787094_G_A,ENSG00000111696,0.997563846223627,0.86601,ENSG00000111696,ENSG00000120820,ENSG00000166598,11,3.0
15_30984082_G_A,ENSG00000186399,0.997405945179881,-1.22313,ENSG00000166912,ENSG00000134160,ENSG00000166912,8,
14_77907949_C_T,ENSG00000063761,0.997276170127811,-0.761289,ENSG00000063761,ENSG00000100593,ENSG00000100601,10,7.0
16_733004_T_C,ENSG00000103245,0.997259039483615,0.697211,ENSG00000162004,ENSG00000172236,ENSG00000130731,45,4.0
17_3559264_C_T,ENSG00000167723,0.997213835589046,0.914128,ENSG00000167723,ENSG00000108381,ENSG00000040531,30,2.0
9_136363451_G_A,ENSG00000187796,0.996991987743185,1.23726,ENSG00000213221,ENSG00000187796,ENSG00000289701,34,1.0
16_11976565_T_C,ENSG00000234719,0.996934241266161,-0.720028,ENSG00000234719,ENSG00000234719,ENSG00000153066,10,1.0
20_44960400_G_A,ENSG00000025772,0.996893195009844,-0.488751,ENSG00000025772,ENSG00000025772,ENSG00000025772,27,1.0
6_2680498_C_T,ENSG00000145949,0.996850131813895,0.695318,ENSG00000124535,ENSG00000145949,ENSG00000124588,10,1.0
6_106629627_G_A,ENSG00000130348,0.996507917639635,-0.613445,ENSG00000130348,ENSG00000130348,ENSG00000130348,7,1.0
17_50547162_A_C,ENSG00000006282,0.99641252768158,-0.80304,ENSG00000006282,ENSG00000006282,ENSG00000006282,25,1.0
7_76430915_G_A,ENSG00000188372,0.995896604737485,1.37325,ENSG00000146700,ENSG00000177679,ENSG00000106211,13,8.0
1_109713453_A_G,ENSG00000134202,0.995875856057061,-0.868376,ENSG00000134201,ENSG00000134201,ENSG00000134184,28,27.0
16_16232314_G_A,ENSG00000103226,0.995858614625852,-0.344115,ENSG00000103226,ENSG00000091262,ENSG00000091262,8,2.0
13_113192675_G_C,ENSG00000126231,0.99540858522483,0.162906,ENSG00000139842,ENSG00000186009,ENSG00000068650,15,9.0
22_25201364_T_C,ENSG00000100053,0.994552420069075,-0.415922,ENSG00000100053,ENSG00000100053,,7,1.0
10_104267428_A_T,ENSG00000065621,0.994355028154828,2.11362,ENSG00000065621,ENSG00000148834,ENSG00000148834,11,2.0
5_69497101_A_G,ENSG00000183474,0.994049688681563,1.11878,ENSG00000197822,ENSG00000183323,ENSG00000152939,12,6.0
17_36188432_T_G,ENSG00000276085,0.993198015611819,1.11933,ENSG00000276085,ENSG00000276070,ENSG00000275152,30,3.0
9_370199_A_G,ENSG00000107099,0.99278057407865,0.534144,ENSG00000107104,ENSG00000170122,ENSG00000107104,6,2.0
3_93741529_G_A,ENSG00000178700,0.992567779608145,-1.04497,ENSG00000184500,ENSG00000178700,ENSG00000184500,5,1.0
19_3062859_T_C,ENSG00000104964,0.99220352476512,-0.35488,ENSG00000104964,ENSG00000104964,ENSG00000104964,28,1.0
3_151833340_T_C,ENSG00000198829,0.992028715884171,0.535895,ENSG00000114771,ENSG00000198829,ENSG00000114771,9,1.0
10_129792036_T_A,ENSG00000108001,0.991715663700421,-0.445127,ENSG00000108001,ENSG00000108001,ENSG00000170430,4,1.0
1_46183374_C_T,ENSG00000117472,0.990463313876474,0.605606,ENSG00000278139,ENSG00000117472,ENSG00000117472,23,1.0
22_42196233_C_T,ENSG00000100197,0.989970755310664,-0.42992,ENSG00000205702,ENSG00000205704,ENSG00000205702,25,12.0
17_35244527_G_A,ENSG00000166750,0.98947149051825,0.644227,ENSG00000166750,ENSG00000166750,ENSG00000198783,22,1.0
2_75709345_T_G,ENSG00000005436,0.98939225341816,-0.616306,ENSG00000005436,ENSG00000005436,ENSG00000005436,4,1.0
13_112119539_C_T,ENSG00000126217,0.987869257360882,-1.4129,ENSG00000182968,ENSG00000182968,ENSG00000126216,3,
1_19231219_G_C,ENSG00000053372,0.987162463644296,-0.504923,ENSG00000127463,ENSG00000127463,ENSG00000127463,16,7.0
6_116767917_A_T,ENSG00000183807,0.985420118279516,0.749839,ENSG00000183807,ENSG00000183807,ENSG00000111832,16,1.0
11_8675680_C_T,ENSG00000166436,0.985387443132126,0.18065,ENSG00000166436,ENSG00000175356,ENSG00000175348,13,8.0
14_70662782_C_T,ENSG00000133985,0.984758401267526,0.432853,ENSG00000133985,ENSG00000213463,ENSG00000213463,10,5.0
5_778488_G_A,ENSG00000206077,0.984695391976486,0.598449,ENSG00000206077,ENSG00000174358,ENSG00000174358,16,3.0
16_30113948_C_T,ENSG00000102886,0.983295511188021,1.17973,ENSG00000102886,ENSG00000102886,ENSG00000103485,51,1.0
11_6235438_A_G,ENSG00000132259,0.982645778854339,1.80667,ENSG00000132259,ENSG00000132259,ENSG00000166313,39,1.0
1_19979653_G_C,ENSG00000188257,0.981813068982393,0.53918,ENSG00000188257,ENSG00000188257,ENSG00000188257,17,1.0
16_29335640_G_A,ENSG00000197272,0.980809621048492,0.51345,ENSG00000254206,ENSG00000103502,ENSG00000103502,27,
10_133441072_G_A,ENSG00000203772,0.97820746073885,1.00067,ENSG00000214279,ENSG00000171811,ENSG00000130649,21,2.0
5_175966824_T_C,ENSG00000051596,0.977913293196811,-0.68579,ENSG00000051596,ENSG00000113194,ENSG00000113194,13,9.0
11_65856268_A_G,ENSG00000172803,0.976430588223376,0.939727,ENSG00000172732,ENSG00000172757,ENSG00000172757,47,11.0
21_44576156_C_T,ENSG00000183255,0.975821694447795,-0.804048,ENSG00000215454,ENSG00000175894,ENSG00000160255,33,28.0
9_98207066_G_A,ENSG00000095383,0.974732180007195,0.498744,ENSG00000106789,ENSG00000136929,ENSG00000136929,10,6.0
7_98291311_A_G,ENSG00000164713,0.974100582828205,-0.870722,ENSG00000164713,ENSG00000164713,ENSG00000164713,8,1.0
8_17156365_T_C,ENSG00000104219,0.973929692622867,0.615702,ENSG00000104219,ENSG00000104219,ENSG00000104219,9,1.0
16_3055806_G_A,ENSG00000008516,0.973177393653616,1.03978,ENSG00000008517,ENSG00000130182,ENSG00000184697,44,14.0
5_177304451_G_T,ENSG00000169230,0.972441642706449,0.76471,ENSG00000169230,ENSG00000169230,ENSG00000169230,24,1.0
3_196948045_A_C,ENSG00000119227,0.971477967269395,0.51166,ENSG00000270170,ENSG00000119227,ENSG00000119227,15,1.0
14_60165528_G_C,ENSG00000100612,0.970837675873692,-0.713115,ENSG00000100612,ENSG00000100612,ENSG00000100612,8,1.0
10_45788964_G_A,ENSG00000172661,0.970217041197684,-0.613727,ENSG00000172661,ENSG00000172661,ENSG00000172661,10,1.0
X_48539726_G_A,ENSG00000068354,0.969008235260136,-0.520968,ENSG00000068354,ENSG00000068354,ENSG00000068354,31,1.0
6_149170778_G_A,ENSG00000055208,0.967669078555583,0.605451,ENSG00000055208,ENSG00000177688,ENSG00000055208,7,2.0
2_9904414_C_A,ENSG00000115750,0.967577792894351,-0.440553,ENSG00000134317,ENSG00000115756,ENSG00000115756,12,8.0
8_22060578_A_C,ENSG00000158856,0.961397124515165,-0.981427,ENSG00000158856,ENSG00000158856,ENSG00000158856,21,1.0
11_308426_G_C,ENSG00000288681,0.960783449236391,0.765757,ENSG00000288681,ENSG00000185201,ENSG00000185201,40,3.0
6_32168770_T_G,ENSG00000204310,0.959162580928896,0.573567,ENSG00000241404,ENSG00000228727,ENSG00000204287,60,43.0
17_75226770_G_A,ENSG00000125450,0.957180209413883,-0.818047,ENSG00000125450,ENSG00000259120,ENSG00000125447,37,19.0
1_100352622_G_C,ENSG00000079335,0.955267415612841,-0.771591,ENSG00000079335,ENSG00000079335,ENSG00000162692,12,1.0
10_50756905_C_T,ENSG00000204147,0.949364489881012,-1.05782,ENSG00000204147,ENSG00000204147,ENSG00000148584,5,1.0
5_6604092_A_G,ENSG00000037474,0.949133075735217,-0.605516,ENSG00000145545,ENSG00000133398,ENSG00000133398,5,2.0
7_76514284_G_A,ENSG00000146707,0.948240120099532,-0.183183,ENSG00000243566,ENSG00000243566,ENSG00000106211,13,7.0
22_37326849_A_G,ENSG00000166897,0.947826791825565,-0.534895,ENSG00000100055,ENSG00000166897,ENSG00000187045,31,1.0
16_4343375_A_C,ENSG00000217930,0.941025958465652,-0.669865,ENSG00000217930,ENSG00000140623,ENSG00000217930,25,2.0
6_30289159_C_T,ENSG00000204616,0.940414768648968,-0.610269,ENSG00000204599,ENSG00000204613,ENSG00000137312,28,3.0
1_155062156_C_G,ENSG00000143537,0.939979496346165,-0.625198,ENSG00000243364,ENSG00000163354,ENSG00000160753,38,13.0
17_67372039_A_G,ENSG00000154217,0.938306072618803,0.55004,ENSG00000154217,ENSG00000075461,ENSG00000130935,8,4.0
2_232655544_A_T,ENSG00000115468,0.937198683350099,0.697035,ENSG00000204120,ENSG00000115468,ENSG00000115468,17,1.0
2_106071000_G_C,ENSG00000119147,0.936189864907804,-0.745412,ENSG00000119147,ENSG00000153165,ENSG00000115652,5,2.0
22_44024618_A_G,ENSG00000188677,0.933480927205549,-0.910818,ENSG00000188677,ENSG00000188677,ENSG00000100344,9,1.0
7_74945747_T_C,ENSG00000184616,0.931420703730375,-0.629402,ENSG00000274070,ENSG00000178809,ENSG00000274523,14,10.0
19_35547488_A_G,ENSG00000105677,0.930496694113447,0.586252,ENSG00000105677,ENSG00000105677,ENSG00000105677,56,1.0
16_15094055_G_C,ENSG00000085721,0.929906201478564,0.630007,ENSG00000085721,ENSG00000085721,ENSG00000085721,15,1.0
2_241734689_A_G,ENSG00000180902,0.928454012613928,-0.324396,ENSG00000180902,ENSG00000154252,ENSG00000180902,16,2.0
17_79085118_A_C,ENSG00000167280,0.928321248612139,-0.8273,ENSG00000167280,ENSG00000187775,ENSG00000035862,10,10.0
16_30004016_A_G,ENSG00000169592,0.925303512327557,-0.379637,ENSG00000149929,ENSG00000169592,ENSG00000169592,45,1.0
22_23950770_G_A,ENSG00000099977,0.923480495260222,-0.907087,ENSG00000133433,ENSG00000099984,ENSG00000099977,24,2.0
1_244970360_G_C,ENSG00000203666,0.922202934235342,-0.600825,ENSG00000203666,ENSG00000284188,ENSG00000153187,8,2.0
9_35572722_C_T,ENSG00000215187,0.919860238770362,1.19132,ENSG00000215187,ENSG00000107159,ENSG00000159884,33,5.0
4_68625465_G_T,ENSG00000197888,0.917905766923821,-0.738162,ENSG00000196620,ENSG00000109181,ENSG00000109181,9,4.0
5_177415473_T_C,ENSG00000131187,0.91750596201216,0.698302,ENSG00000131187,ENSG00000131183,ENSG00000027847,23,7.0
13_113849020_T_C,ENSG00000183087,0.915669034310618,-0.595285,ENSG00000183087,ENSG00000184497,ENSG00000198176,15,8.0
7_144360868_C_A,ENSG00000271079,0.913997315355938,0.77978,ENSG00000050327,ENSG00000221910,ENSG00000198420,18,
14_24141524_T_C,ENSG00000100908,0.912583729682107,-0.774787,ENSG00000100908,ENSG00000100908,ENSG00000100908,46,1.0
10_62633886_T_C,ENSG00000171988,0.910255451323668,-0.750728,ENSG00000181915,ENSG00000138311,ENSG00000181915,6,
4_1684252_T_G,ENSG00000174137,0.90736097799209,-0.538795,ENSG00000174137,ENSG00000174137,ENSG00000163950,16,1.0
7_2679481_G_A,ENSG00000174945,0.902147565180675,0.652138,ENSG00000174945,ENSG00000174945,ENSG00000122687,15,1.0
6_152443555_T_C,ENSG00000131018,0.90144384762366,0.48335,ENSG00000131018,ENSG00000146469,,4,4.0
19_40883044_G_T,ENSG00000197838,0.899029394779298,0.521789,ENSG00000198077,ENSG00000198077,ENSG00000198077,35,11.0
19_23687308_G_T,ENSG00000197372,0.898238164917145,0.82259,ENSG00000197372,ENSG00000197372,ENSG00000167232,8,1.0
7_130487677_C_T,ENSG00000106484,0.896030228006967,0.443127,ENSG00000106484,ENSG00000128510,ENSG00000106484,13,6.0
5_103562198_T_C,ENSG00000112874,0.887544152566239,0.828706,ENSG00000112874,ENSG00000112874,ENSG00000112874,4,1.0
9_133344393_A_G,ENSG00000148300,0.885833622168891,0.375582,ENSG00000148297,ENSG00000170835,ENSG00000148297,27,19.0
17_50166375_G_A,ENSG00000108823,0.884957222920142,-0.660675,ENSG00000108823,ENSG00000108823,ENSG00000167107,26,1.0
10_119161076_T_C,ENSG00000183605,0.883260046149157,0.689459,ENSG00000183605,ENSG00000151929,ENSG00000151929,10,4.0
19_1104079_G_A,ENSG00000167468,0.882050872840293,0.687793,ENSG00000167468,ENSG00000167468,ENSG00000167468,51,1.0
2_113568673_G_A,ENSG00000136682,0.880867714545312,-1.25492,ENSG00000144134,ENSG00000136689,ENSG00000136689,11,8.0
14_22599022_T_C,ENSG00000100439,0.878788222593639,-0.446485,ENSG00000100439,ENSG00000100439,ENSG00000100439,22,1.0
6_31409151_T_C,ENSG00000204520,0.876909942047768,-0.605778,ENSG00000204520,ENSG00000204511,ENSG00000244255,63,40.0
14_20699925_C_T,ENSG00000258818,0.874875785733186,-0.474649,ENSG00000259171,ENSG00000214274,ENSG00000214274,40,11.0
8_10729350_G_C,ENSG00000171056,0.870884173151547,0.557265,ENSG00000171056,ENSG00000175806,ENSG00000254093,9,3.0
11_113316054_G_A,ENSG00000149292,0.870653150739663,-0.740163,ENSG00000149292,ENSG00000149292,ENSG00000086827,8,1.0
16_71326523_C_T,ENSG00000180917,0.870331412556754,-0.432108,ENSG00000172137,ENSG00000172137,ENSG00000182149,14,9.0
9_89555187_C_T,ENSG00000123975,0.870313406622576,-0.626411,ENSG00000130222,ENSG00000148082,ENSG00000123975,5,2.0
11_536170_C_A,ENSG00000185522,0.870040413931934,0.657474,ENSG00000174775,ENSG00000161328,ENSG00000099834,46,32.0
22_24000646_A_C,ENSG00000133433,0.868654662470169,-1.16873,ENSG00000276950,ENSG00000128218,ENSG00000099977,25,4.0
2_113185893_A_G,ENSG00000125637,0.863658751828887,0.668495,ENSG00000125637,ENSG00000125637,ENSG00000125637,16,1.0
16_30149961_G_T,ENSG00000198064,0.863529724034435,-0.477307,ENSG00000102882,ENSG00000005844,ENSG00000149932,53,15.0
3_196971249_T_G,ENSG00000163975,0.86350540843168,1.10309,ENSG00000119227,ENSG00000119227,ENSG00000119227,14,10.0
1_156666578_G_A,ENSG00000160781,0.853309366738647,1.43668,ENSG00000132688,ENSG00000132688,ENSG00000132688,35,5.0
6_20202539_G_A,ENSG00000172197,0.850279623378331,-0.636249,ENSG00000172197,ENSG00000172197,ENSG00000172197,4,1.0
11_61757502_G_A,ENSG00000124920,0.850129352056811,-0.895896,ENSG00000124920,ENSG00000256713,ENSG00000167996,28,10.0
15_90440233_A_G,ENSG00000140575,0.844797644046238,0.494783,ENSG00000140575,ENSG00000196391,ENSG00000140564,20,4.0
16_139972_T_C,ENSG00000103148,0.842526381607044,-0.345383,ENSG00000103148,ENSG00000206172,ENSG00000206172,30,15.0
16_84180359_G_A,ENSG00000103168,0.842341251062589,-0.562793,ENSG00000103168,ENSG00000064270,ENSG00000140961,17,7.0
19_17226604_G_T,ENSG00000099330,0.841882302559004,0.379845,ENSG00000099330,ENSG00000099330,ENSG00000099330,33,1.0
3_196712253_C_G,ENSG00000174007,0.841453576835009,0.565386,ENSG00000174007,ENSG00000174007,ENSG00000163964,22,1.0
7_1465340_C_T,ENSG00000164880,0.838074176639096,-0.453027,ENSG00000164877,ENSG00000105963,ENSG00000073067,15,11.0
2_119680939_G_C,ENSG00000144120,0.837739205993018,-0.58776,ENSG00000144120,ENSG00000144120,ENSG00000144120,10,1.0
7_74720592_C_T,ENSG00000263001,0.837733618080456,-0.463192,ENSG00000158517,ENSG00000174428,ENSG00000274070,12,12.0
10_98926814_C_G,ENSG00000119943,0.8333526924713,-1.47701,ENSG00000172987,ENSG00000119946,ENSG00000107521,6,2.0
18_14132403_G_C,ENSG00000175322,0.832245152542774,0.677433,ENSG00000175322,ENSG00000168675,ENSG00000177150,7,3.0
9_110656853_C_A,ENSG00000173258,0.828692588973752,1.41446,ENSG00000030304,ENSG00000157654,ENSG00000157654,7,
11_57351682_T_C,ENSG00000109991,0.827113643159432,0.609746,ENSG00000109991,ENSG00000109991,ENSG00000156603,27,1.0
16_89194418_C_T,ENSG00000259803,0.819731414695363,1.18295,ENSG00000259803,ENSG00000129910,ENSG00000259803,25,2.0
10_124044156_G_A,ENSG00000182022,0.817569364688937,0.773785,ENSG00000182022,ENSG00000229544,ENSG00000065154,6,3.0
8_120859855_T_C,ENSG00000172164,0.817464205582557,-0.537023,ENSG00000172164,ENSG00000172167,ENSG00000172164,4,3.0
12_131697_G_A,ENSG00000120645,0.817327726530304,0.735093,ENSG00000120645,ENSG00000111181,ENSG00000111181,7,3.0
9_137549626_T_C,ENSG00000182154,0.813737680420474,0.489843,ENSG00000130653,ENSG00000188833,ENSG00000198113,40,18.0
9_306517_G_A,ENSG00000181404,0.810480357312851,-0.515192,ENSG00000107099,ENSG00000107099,ENSG00000107104,5,2.0
15_82377956_A_G,ENSG00000197978,0.810294149441603,-0.65968,ENSG00000278662,ENSG00000197978,ENSG00000140598,12,1.0
20_49475539_A_G,ENSG00000158445,0.805565103239836,0.739711,ENSG00000158445,ENSG00000158445,ENSG00000124212,12,1.0
21_46298578_C_T,ENSG00000182362,0.804406115923078,-0.776663,ENSG00000182362,ENSG00000160307,ENSG00000160285,14,8.0
2_199756040_T_C,ENSG00000226124,0.799210615461316,-0.434319,ENSG00000226124,ENSG00000178074,ENSG00000178074,5,3.0
12_642587_C_T,ENSG00000171840,0.791709011588139,0.525124,ENSG00000171840,ENSG00000010379,ENSG00000111181,10,2.0
19_2249478_G_T,ENSG00000104899,0.787532126468955,0.819817,ENSG00000104899,ENSG00000178297,ENSG00000104897,33,2.0
9_136422149_C_T,ENSG00000165688,0.782307137729181,0.643438,ENSG00000165688,ENSG00000176919,ENSG00000176919,36,9.0
1_1665061_C_T,ENSG00000189339,0.779884804391017,-0.903522,ENSG00000248333,ENSG00000205116,ENSG00000162576,39,18.0
8_123725653_A_G,ENSG00000104537,0.778942420970216,-0.855165,ENSG00000104537,ENSG00000214814,ENSG00000165156,10,8.0
14_94098420_G_A,ENSG00000165948,0.765702598911706,0.799565,ENSG00000165949,ENSG00000165948,ENSG00000165949,22,1.0
3_142160128_G_A,ENSG00000114126,0.761618358678522,0.464705,ENSG00000114126,ENSG00000285558,ENSG00000285558,9,2.0
1_1810077_T_A,ENSG00000169885,0.760629913887991,-0.347091,ENSG00000008130,ENSG00000205116,ENSG00000175756,34,29.0
16_69343650_A_G,ENSG00000157315,0.753767054470812,-0.81088,ENSG00000213380,ENSG00000157315,ENSG00000259900,22,1.0
19_10236408_T_C,ENSG00000267534,0.753286633245722,0.546355,ENSG00000267534,ENSG00000105371,ENSG00000129354,38,31.0
7_77397143_G_A,ENSG00000186088,0.749575737325476,0.814388,ENSG00000186088,ENSG00000186088,ENSG00000127947,9,1.0
12_29665316_G_A,ENSG00000133687,0.747381956677324,-0.675752,ENSG00000133687,ENSG00000133687,ENSG00000087502,4,1.0
17_38255522_A_G,ENSG00000274512,0.746356712106261,0.927539,ENSG00000278845,ENSG00000277363,ENSG00000277972,17,17.0
11_12050000_A_G,ENSG00000133816,0.744266537203229,-0.530458,ENSG00000050165,ENSG00000050165,ENSG00000170242,5,5.0
1_6206026_A_G,ENSG00000158286,0.743438549956997,-0.870437,ENSG00000158286,ENSG00000158286,ENSG00000116237,21,1.0
5_69555714_G_A,ENSG00000205571,0.742212355849766,-0.980284,ENSG00000183474,ENSG00000085231,ENSG00000085231,14,11.0
5_40998094_T_C,ENSG00000171495,0.741478127433587,-0.781912,ENSG00000171495,ENSG00000171495,ENSG00000112936,9,1.0
13_43023570_C_T,ENSG00000120675,0.736940977787301,-1.11341,ENSG00000120675,ENSG00000120675,ENSG00000120675,5,1.0
19_5866643_A_G,ENSG00000171124,0.732571291709833,0.695071,ENSG00000130383,ENSG00000171124,ENSG00000187650,30,1.0
7_134086377_C_T,ENSG00000155530,0.730864124195315,-0.798042,ENSG00000155530,ENSG00000198074,ENSG00000198074,6,3.0
19_11745576_C_A,ENSG00000205517,0.725337569090153,0.767841,ENSG00000197933,ENSG00000198003,ENSG00000130176,40,6.0
9_27529736_G_A,ENSG00000147894,0.721617618830793,-0.413856,ENSG00000120162,ENSG00000120162,ENSG00000096872,8,6.0
4_165349860_T_A,ENSG00000109472,0.718035577329955,0.473663,ENSG00000109472,ENSG00000183439,ENSG00000109472,10,2.0
7_64687243_G_A,ENSG00000234444,0.710868887318825,1.48118,ENSG00000196247,ENSG00000213462,,9,5.0
6_32557212_T_C,ENSG00000237541,0.710474104518817,1.18658,ENSG00000198502,ENSG00000231852,ENSG00000231852,38,9.0
10_79335762_C_T,ENSG00000108179,0.708930302393255,-0.63564,ENSG00000108179,ENSG00000108179,ENSG00000108179,8,1.0
19_57352545_C_T,ENSG00000131845,0.704816646455672,-0.536012,ENSG00000131845,ENSG00000105146,ENSG00000131845,44,5.0
19_21599427_T_C,ENSG00000196268,0.704083699531123,-0.532477,ENSG00000197013,ENSG00000197013,,11,8.0
8_142785741_C_T,ENSG00000180155,0.70382194313249,0.744028,ENSG00000167656,ENSG00000167656,ENSG00000160932,25,6.0
19_35739273_T_C,ENSG00000126246,0.701768278990701,1.06105,ENSG00000126246,ENSG00000267120,ENSG00000267120,54,3.0
1_201983470_G_A,ENSG00000176393,0.700507749143839,-0.708284,ENSG00000176393,ENSG00000176393,ENSG00000176393,15,1.0
14_24402720_C_T,ENSG00000205978,0.694433271541709,0.575716,ENSG00000205978,ENSG00000205978,ENSG00000205978,46,1.0
12_57078761_C_T,ENSG00000166881,0.694090855944669,1.617,ENSG00000166881,ENSG00000166866,ENSG00000139547,35,24.0
19_54962842_G_A,ENSG00000022556,0.690810085771309,0.551727,ENSG00000167634,ENSG00000160472,ENSG00000180089,48,13.0
18_12439063_A_C,ENSG00000141391,0.687556434501915,0.700112,ENSG00000141391,ENSG00000141391,ENSG00000176014,11,1.0
1_109675302_G_A,ENSG00000134184,0.686470096339947,-0.72236,ENSG00000213366,ENSG00000213366,ENSG00000168765,27,13.0
7_5890028_A_T,ENSG00000146574,0.671178639241835,0.388108,ENSG00000122674,ENSG00000122543,ENSG00000008256,17,
2_48346756_G_C,ENSG00000170802,0.668282026633973,0.709306,ENSG00000170802,ENSG00000170802,ENSG00000170802,8,1.0
1_34952435_C_G,ENSG00000197056,0.667882841312909,1.23479,ENSG00000116544,ENSG00000188910,ENSG00000243749,14,14.0
19_6737228_T_C,ENSG00000125734,0.665360874222435,-0.534569,ENSG00000125734,ENSG00000125734,ENSG00000125734,28,1.0
7_150375411_G_C,ENSG00000196456,0.662489199180078,-0.434052,ENSG00000196456,ENSG00000002726,ENSG00000002726,19,7.0
8_143574807_G_C,ENSG00000204839,0.661348457831126,1.57369,ENSG00000204839,ENSG00000204839,ENSG00000147813,37,1.0
1_25235176_G_A,ENSG00000187010,0.660771986869289,-1.08905,ENSG00000117614,ENSG00000187010,ENSG00000188672,10,1.0
10_6053965_C_A,ENSG00000134460,0.660472489883484,0.649901,ENSG00000134460,ENSG00000134460,ENSG00000196372,9,1.0
X_50477410_C_A,ENSG00000171365,0.659576732519041,-0.72534,ENSG00000274588,ENSG00000147082,ENSG00000171365,6,5.0
X_21836243_T_C,ENSG00000230797,0.659052531205823,0.494834,ENSG00000012174,ENSG00000091482,ENSG00000102172,8,6.0
1_39554348_C_A,ENSG00000183682,0.658185317121634,-0.985821,ENSG00000090621,ENSG00000183682,ENSG00000131236,13,1.0
19_458829_G_A,ENSG00000129946,0.656733857966959,-0.693496,ENSG00000129946,ENSG00000116014,ENSG00000129946,30,5.0
12_32099194_C_T,ENSG00000151746,0.654766138113077,0.475809,ENSG00000151746,ENSG00000188375,ENSG00000139132,8,6.0
21_36203237_G_A,ENSG00000142197,0.649498096174344,1.0442,ENSG00000142197,ENSG00000159261,ENSG00000159228,9,3.0
4_2403611_C_A,ENSG00000159733,0.649171440438991,0.804622,ENSG00000159733,ENSG00000185818,ENSG00000109685,16,14.0
5_167379024_A_C,ENSG00000145934,0.648125973169243,-0.871365,ENSG00000145934,ENSG00000145934,,1,1.0
12_107670678_A_T,ENSG00000151136,0.647120358694706,0.596561,ENSG00000136045,ENSG00000110851,ENSG00000110851,5,3.0
1_25573724_T_C,ENSG00000157978,0.646611977012186,-0.356263,ENSG00000157978,ENSG00000157978,ENSG00000157978,18,1.0
11_6903328_G_A,ENSG00000149054,0.644574026016069,0.85138,ENSG00000166368,ENSG00000110169,ENSG00000110169,27,19.0
19_51019947_T_C,ENSG00000167757,0.644519799396663,0.658992,ENSG00000129451,ENSG00000129451,ENSG00000269403,44,4.0
3_69105192_C_G,ENSG00000144746,0.640995077017545,-0.422706,ENSG00000163380,ENSG00000144746,ENSG00000144746,7,1.0
8_89889825_T_C,ENSG00000164823,0.639443692777347,0.337708,ENSG00000164823,ENSG00000164823,ENSG00000164823,5,1.0
22_38700597_T_C,ENSG00000100221,0.632407835771279,0.42131,ENSG00000100221,ENSG00000100221,ENSG00000100221,27,1.0
3_44721338_A_G,ENSG00000196653,0.632325107420883,0.520909,ENSG00000186446,ENSG00000196653,ENSG00000163807,19,1.0
17_47332020_T_A,ENSG00000178852,0.628468001859659,0.428508,ENSG00000178852,ENSG00000108379,ENSG00000141279,19,7.0
19_893080_A_G,ENSG00000175221,0.621178664415254,-0.394086,ENSG00000175221,ENSG00000175221,ENSG00000175221,47,1.0
2_108269979_C_T,ENSG00000198203,0.611251203083636,0.580681,ENSG00000198203,ENSG00000196862,ENSG00000153201,9,3.0
19_19826104_C_G,ENSG00000081665,0.604157576035544,0.449904,ENSG00000081665,ENSG00000178093,ENSG00000258674,20,4.0
14_51028818_G_A,ENSG00000100505,0.602753798799329,1.20745,ENSG00000100505,ENSG00000100505,ENSG00000012983,9,1.0
22_29217450_C_T,ENSG00000186998,0.599960132370682,1.03731,ENSG00000186998,ENSG00000186998,ENSG00000183762,19,1.0
11_102530930_T_C,ENSG00000137673,0.5996192965056,-0.540672,ENSG00000137673,ENSG00000137673,ENSG00000196611,14,1.0
1_46198577_A_G,ENSG00000171357,0.598598935657736,1.39767,ENSG00000171357,ENSG00000171357,ENSG00000085998,23,1.0
7_150825973_A_G,ENSG00000002726,0.597843068025063,0.998736,ENSG00000002726,ENSG00000002726,ENSG00000002726,37,1.0
2_3594771_T_C,ENSG00000151360,0.59174555359011,-0.543985,ENSG00000118004,ENSG00000118004,ENSG00000118004,9,3.0
19_57643721_G_A,ENSG00000121417,0.58805720799219,0.555872,ENSG00000121417,ENSG00000180532,ENSG00000268133,52,49.0
1_153628302_G_A,ENSG00000189171,0.585745132509169,0.351412,ENSG00000160678,ENSG00000160678,ENSG00000189171,39,2.0
13_42992237_A_C,ENSG00000133106,0.580825237095972,0.666165,ENSG00000133106,ENSG00000133106,ENSG00000120675,5,1.0
1_205633549_G_A,ENSG00000174514,0.578174385065837,-0.408087,ENSG00000158711,ENSG00000117266,ENSG00000117222,20,4.0
3_119642403_A_G,ENSG00000121577,0.57614451383925,-0.446514,ENSG00000121577,ENSG00000121577,ENSG00000144837,18,1.0
14_34499698_C_T,ENSG00000165389,0.575447597629975,-0.674712,ENSG00000129521,ENSG00000129518,ENSG00000129518,7,3.0
4_125313776_A_G,ENSG00000196159,0.573216024733167,0.56386,ENSG00000196159,ENSG00000196159,,1,1.0
15_90233143_T_C,ENSG00000185043,0.57142191003886,0.469693,ENSG00000183208,ENSG00000185043,ENSG00000185043,21,1.0
12_6906751_A_G,ENSG00000010626,0.569398224787868,1.06543,ENSG00000111674,ENSG00000111664,ENSG00000111678,45,30.0
10_47557412_C_A,ENSG00000204172,0.56837974754536,-1.0591,ENSG00000204172,ENSG00000266524,,10,5.0
13_94606690_T_C,ENSG00000152749,0.564218894417575,-0.78722,ENSG00000152749,ENSG00000080166,ENSG00000152749,5,3.0
4_1281669_T_C,ENSG00000090316,0.559906103030278,-0.570469,ENSG00000090316,ENSG00000163950,ENSG00000163950,19,19.0
1_24541244_G_T,ENSG00000117602,0.559728227903124,0.609334,ENSG00000184454,ENSG00000184454,ENSG00000169504,11,2.0
1_52602758_G_A,ENSG00000116157,0.558871383672664,-0.902531,ENSG00000116157,ENSG00000116157,ENSG00000116157,14,1.0
22_43181208_C_T,ENSG00000100304,0.557327755999855,-0.461456,ENSG00000100304,ENSG00000159307,ENSG00000100300,12,9.0
7_30755715_A_G,ENSG00000106125,0.556230741182452,0.465453,ENSG00000254959,ENSG00000241644,ENSG00000006625,14,4.0
15_99733217_C_G,ENSG00000183060,0.555038550983574,-0.748275,ENSG00000183060,ENSG00000068305,ENSG00000068305,5,3.0
5_82104445_A_C,ENSG00000152348,0.55337960608692,0.79128,ENSG00000152348,ENSG00000186468,ENSG00000186468,3,2.0
12_4648730_T_C,ENSG00000111254,0.552347788809913,0.54799,ENSG00000111254,ENSG00000111254,ENSG00000255639,16,1.0
19_57559827_C_T,ENSG00000251369,0.549944925545049,0.756257,ENSG00000251369,ENSG00000251369,ENSG00000204519,50,1.0
12_20916115_G_A,ENSG00000257062,0.549474933731262,1.12965,ENSG00000257046,ENSG00000111700,ENSG00000111700,9,2.0
17_76710298_C_T,ENSG00000182534,0.549022303847028,-0.593,ENSG00000182534,ENSG00000182534,ENSG00000182534,21,1.0
10_123914031_T_G,ENSG00000121898,0.543004435334381,-0.713098,ENSG00000121898,ENSG00000121898,ENSG00000182022,4,1.0
15_41841304_T_C,ENSG00000243708,0.53952001467669,0.934457,ENSG00000243708,ENSG00000092529,ENSG00000092445,23,2.0
5_168531414_C_G,ENSG00000188573,0.539180244648351,0.941633,ENSG00000188573,ENSG00000188573,ENSG00000113645,6,1.0
6_25829810_C_A,ENSG00000124568,0.53570476007445,0.797898,ENSG00000124568,ENSG00000124568,ENSG00000158373,44,1.0
18_12552633_A_T,ENSG00000134278,0.531498172312793,0.941397,ENSG00000128789,ENSG00000141401,ENSG00000141401,12,7.0
1_239913308_A_G,ENSG00000133019,0.528721685151364,0.493307,ENSG00000155816,ENSG00000133019,,2,1.0
7_28140480_C_T,ENSG00000153814,0.52568355197298,-0.978998,ENSG00000153814,ENSG00000106049,ENSG00000106049,4,2.0
14_73526314_A_G,ENSG00000184227,0.524893641623527,0.472291,ENSG00000184227,ENSG00000205669,ENSG00000184227,21,2.0
6_7590420_A_G,ENSG00000168566,0.521544615828146,-0.442695,ENSG00000168566,ENSG00000168566,ENSG00000168566,12,1.0
16_89871237_G_C,ENSG00000178773,0.51953373851898,-1.02138,ENSG00000141002,ENSG00000178773,ENSG00000288715,22,1.0
22_37483241_G_A,ENSG00000100065,0.518461487517411,1.03123,ENSG00000100060,ENSG00000100079,ENSG00000100079,32,22.0
8_2117303_T_G,ENSG00000036448,0.517637006652486,0.549629,ENSG00000036448,ENSG00000198010,ENSG00000182372,6,3.0
2_70825809_A_G,ENSG00000152672,0.513320553800449,-0.43147,ENSG00000152672,ENSG00000035141,ENSG00000124370,16,16.0
4_732533_G_A,ENSG00000185619,0.511053661654427,-0.607606,ENSG00000185619,ENSG00000169020,ENSG00000169020,20,3.0
X_15796127_G_C,ENSG00000169249,0.509850540328589,-0.575557,ENSG00000169249,ENSG00000165192,ENSG00000182287,13,4.0
16_78282803_C_G,ENSG00000186153,0.5096535967079,0.390172,ENSG00000186153,ENSG00000171724,,3,3.0
13_114112699_G_A,ENSG00000185989,0.509458059156514,-0.511173,ENSG00000185989,ENSG00000186009,ENSG00000183087,11,10.0
6_32968343_C_T,ENSG00000204257,0.508780556737961,1.39895,ENSG00000204256,ENSG00000204257,ENSG00000204257,40,1.0
1_51562424_C_A,ENSG00000078618,0.50780175037921,1.13,ENSG00000117859,ENSG00000123091,ENSG00000123091,11,11.0
2_201043814_G_A,ENSG00000240344,0.504529526987186,-0.812766,ENSG00000119013,ENSG00000138356,ENSG00000138356,17,13.0
11_65556805_C_T,ENSG00000168056,0.504062372228306,1.19974,ENSG00000168056,ENSG00000175294,ENSG00000168056,53,2.0
X_119395733_C_G,ENSG00000077713,0.500799104630932,0.380724,ENSG00000077713,ENSG00000077713,ENSG00000077713,16,1.0
14_103110106_T_C,ENSG00000205436,0.500693504504533,0.497295,ENSG00000185215,ENSG00000205436,ENSG00000205436,16,1.0
14_59473099_A_T,ENSG00000181619,0.500517991526057,1.80237,ENSG00000181619,ENSG00000126790,ENSG00000126790,7,2.0
2_163614467_T_G,ENSG00000182263,0.500453139718162,0.52617,ENSG00000182263,ENSG00000182263,,1,1.0
7_150800408_C_A,ENSG00000106565,0.500390345609369,-0.795848,ENSG00000002933,ENSG00000106565,ENSG00000106565,36,1.0
13_28955240_T_C,ENSG00000132938,0.50037161247539,-0.813547,ENSG00000132938,ENSG00000132938,ENSG00000102755,4,1.0
6_32829016_G_A,ENSG00000241106,0.500138263864657,1.71115,ENSG00000241106,ENSG00000241106,ENSG00000250264,38,1.0
14_73566890_A_G,ENSG00000119673,0.500103660934364,-0.344881,ENSG00000119673,ENSG00000184227,ENSG00000184227,22,22.0
15_82270114_C_T,ENSG00000188659,0.500043235110276,-0.27485,ENSG00000188659,ENSG00000103723,ENSG00000140598,9,4.0
1_27893147_C_G,ENSG00000117748,0.500029723114068,1.36286,ENSG00000130775,ENSG00000181773,ENSG00000126709,21,16.0
5_96916885_T_C,ENSG00000164308,0.500027609766122,1.16477,ENSG00000113441,ENSG00000145721,ENSG00000058729,7,2.0
