yardstick,test,A_AlphaGenome,B_nearest_gene,C_shuffled_mean,n_genes,p_A_vs_C,B_nearest_all_variants,random_mean,p_A_vs_random,p_A_vs_B,A_minus_B_95CI
GSE23343,DIRECTION all DE genes,0.3864030781761515,,0.4898831257350057,455,0.7862137862137862,,,,,
GSE23343,DIRECTION top-50 genes,0.38213935687825773,,0.503033910406896,50,0.7912087912087912,,,,,
GSE23343,GENE CHOICE AUC (DE genes in diabetic liver),0.5049745948043565,0.5034359575093116,,515,,0.5141090410581327,0.5097789193090367,0.7370517928286853,0.40119760479041916,-0.012 to 0.018
GSE15653,DIRECTION all DE genes,0.6570414200906058,,0.502855342030358,172,0.14185814185814186,,,,,
GSE15653,DIRECTION top-50 genes,0.6622168140145702,,0.5035051601579557,50,0.13986013986013987,,,,,
GSE15653,GENE CHOICE AUC (DE genes in diabetic liver),0.49538363863612844,0.49219079633477425,,204,,0.4813191110792673,0.500969788158869,0.6653386454183267,0.3912175648702595,-0.020 to 0.029
Open Targets,GENE CHOICE: Mendelian / rare-variant diabetes genes in top-100,5.0,4.0,,87,,3.0,1.4,0.014306242691132762,,
Open Targets,GENE CHOICE AUC: Mendelian / rare-variant diabetes genes,0.5784520819060668,0.5984537946258659,,87,,0.6634229656694831,0.5,,0.8942115768463074,-0.055 to 0.009
Open Targets,GENE CHOICE: approved-drug targets for diabetes in top-100,7.0,11.0,,238,,7.0,3.9,0.094853547190086,,
Open Targets,GENE CHOICE AUC: approved-drug targets for diabetes,0.5806299595742526,0.6016751071289443,,238,,0.7226512612176812,0.5,,0.998003992015968,-0.039 to -0.005
