gene_id,gene_name,n_variants,variants,weighted_score,max_abs_score,n_high_conf,liver_expression,direction,is_TF
ENSG00000213445,SIPA1,1,rs2306363,0.05766063243511619,0.06509143610795338,1,0.3356491,UP in diabetic,False
ENSG00000117707,PROX1,1,rs17712208,-0.04363867397662283,0.06528901619215806,1,0.70612437,DOWN in diabetic,True
ENSG00000118971,CCND2,2,rs189926680;rs3217791,0.02794266965178617,0.01878132422765096,2,1.2571307,UP in diabetic,False
ENSG00000171703,TCEA2,2,rs35213536;rs6062342,0.018734624075540596,0.04763407756884893,2,0.4189715,UP in diabetic,False
ENSG00000124172,ATP5F1E,1,rs45551238,0.018729109273137253,0.020994508018096287,1,1.6926221,UP in diabetic,False
ENSG00000101076,HNF4A,1,rs191830490,-0.018338530922360534,0.01994267168144385,0,1.9192199,DOWN in diabetic,True
ENSG00000142669,SH3BGRL3,1,rs34824071,0.016674570086775097,0.03486004968484243,1,5.264356,UP in diabetic,False
ENSG00000127415,IDUA,1,rs113289555,-0.014662432412437445,0.01500310997168223,1,0.55569285,DOWN in diabetic,False
ENSG00000135100,HNF1A,2,rs56348580;rs80019595,0.014143327284028478,0.008205403884251913,2,0.6836676,UP in diabetic,True
ENSG00000093010,COMT,2,rs165656;rs165722,-0.010146862516524906,0.021079351504643757,2,1.047448,DOWN in diabetic,False
ENSG00000177628,GBA1,1,rs12034326,-0.009207272598373733,0.02343472403784593,1,0.69793457,DOWN in diabetic,False
ENSG00000257017,HP,1,rs35254925,0.008854763497216847,0.0089426189661026,1,9.214105,UP in diabetic,False
ENSG00000099834,CDHR5,1,rs540205414,0.008854232579476595,0.008884539206822714,0,1.1204048,UP in diabetic,False
ENSG00000174547,MRPL11,1,rs11110,-0.008519377028927796,0.018508590757846832,1,0.88125604,DOWN in diabetic,False
ENSG00000206177,HBM,1,rs56038902,0.007828176806997402,0.008798559506734213,1,0.82571644,UP in diabetic,False
ENSG00000117713,ARID1A,1,rs114165349,-0.0077349890261672275,0.01687603195508321,1,0.3746614,DOWN in diabetic,False
ENSG00000127870,RNF6,1,rs34584161,0.007215533063101368,0.00881521279613177,1,0.70843846,UP in diabetic,False
ENSG00000112715,VEGFA,1,rs1570360,0.007136073516150794,0.0071713365614414215,1,1.0827103,UP in diabetic,False
ENSG00000151914,DST,1,rs643246,0.006459883783024186,0.028042541195948918,1,0.54582244,UP in diabetic,False
ENSG00000288894,ENSG00000288894,1,rs72845888,0.006173605623613527,0.009231717636187872,1,1.9309005,UP in diabetic,False
ENSG00000186910,SERPINA11,1,rs142501060,0.005320281918154411,0.009177866081396738,1,3.5653298,UP in diabetic,False
ENSG00000002726,AOC1,3,rs116972354;rs4725960;rs7788808,-0.005317325764124134,0.004232128461201985,1,0.67846006,DOWN in diabetic,False
ENSG00000166426,CRABP1,1,rs59577817,-0.004851928321286645,0.005597695708274841,1,0.56512827,DOWN in diabetic,False
ENSG00000244405,ETV5,1,rs869400,-0.0047300048445684615,0.022688470780849457,1,0.95344716,DOWN in diabetic,True
ENSG00000104332,SFRP1,1,rs74934014,-0.004640079715447746,0.004766782124837239,1,1.0124481,DOWN in diabetic,False
ENSG00000159674,SPON2,1,rs144654020,0.004575327287778472,0.004577890038490295,1,0.85268617,UP in diabetic,False
ENSG00000070540,WIPI1,1,rs71378928,-0.004567460462261339,0.014463211099306742,1,0.6810391,DOWN in diabetic,False
ENSG00000101162,TUBB1,1,rs45551238,0.0042895846930267895,0.004808435837427775,0,0.43636242,UP in diabetic,False
ENSG00000285901,ENSG00000285901,1,rs3217791,0.0041754241904919075,0.004175424575805664,1,0.8421152,UP in diabetic,False
ENSG00000136485,DCAF7,2,rs72845886;rs72845888,0.00416581211451629,0.007971756160259247,2,0.7698855,UP in diabetic,False
ENSG00000171700,RGS19,1,rs6062342,0.004127319040837835,0.008200258016586304,1,0.3767631,UP in diabetic,False
ENSG00000130829,DUSP9,1,rs4898364,0.004125278656116827,0.008272296438614527,0,2.9357862,UP in diabetic,False
ENSG00000145217,SLC26A1,1,rs144654020,0.004108705471340335,0.004111006855964661,1,0.34780467,UP in diabetic,False
ENSG00000213402,PTPRCAP,1,rs187863826,-0.0038785201076980704,0.006251245737075806,1,0.33933178,DOWN in diabetic,False
ENSG00000104081,BMF,1,rs34245505,0.0038176247092136482,0.004172717531522115,1,0.40233478,UP in diabetic,False
ENSG00000175793,SFN,1,rs114165349,0.003792769415027199,0.008274982372919718,1,0.627177,UP in diabetic,False
ENSG00000187017,ESPN,1,rs1556036,0.003651938465239342,0.004698832829793294,1,0.30137077,UP in diabetic,False
ENSG00000013523,ANGEL1,1,rs2056857,0.003573797746334688,0.004647249976793925,1,0.50091463,UP in diabetic,False
ENSG00000129757,CDKN1C,2,rs2188956;rs431222,-0.0034529736230066448,0.005103847632805507,2,2.0148509,DOWN in diabetic,False
ENSG00000148411,NACC2,1,rs7022365,0.003355942713657616,0.0052591462930043536,1,0.31943935,UP in diabetic,True
ENSG00000162104,ADCY9,1,rs879620,-0.003141019648730732,0.008256405591964722,1,0.29857042,DOWN in diabetic,False
ENSG00000188536,HBA2,1,rs56038902,0.0031361883462201986,0.003524951015909513,0,3.0399163,UP in diabetic,False
ENSG00000179195,ZNF664,1,rs11057418,-0.0030590261350189,0.003114009120812019,1,1.1466277,DOWN in diabetic,True
ENSG00000158246,TENT5B,1,rs114165349,0.002976636250343868,0.006494360665480296,1,0.30416015,UP in diabetic,False
ENSG00000186635,ARAP1,1,rs7109575,-0.002966290123578264,0.007859967648983002,1,0.67889386,DOWN in diabetic,False
ENSG00000124120,TTPAL,1,rs191830490,0.0029262338217535076,0.0031822025775909424,1,0.35057843,UP in diabetic,False
ENSG00000117676,RPS6KA1,1,rs114165349,0.0029058918010383787,0.006340011954307556,1,0.5112111,UP in diabetic,False
ENSG00000113905,HRG,1,rs12632862,-0.0029013494164461446,0.005259002248446147,1,1.8594413,DOWN in diabetic,False
ENSG00000169385,RNASE2,1,rs11628702,-0.0027583073825252027,0.006092570722103119,1,0.60844857,DOWN in diabetic,False
ENSG00000099769,IGFALS,1,rs3874658,-0.0024873258025767913,0.004880150159200032,1,0.57366985,DOWN in diabetic,False
ENSG00000109501,WFS1,1,rs1046317,-0.002459221671871769,0.005840830194453399,1,0.90850645,DOWN in diabetic,False
ENSG00000198670,LPA,1,rs3127570,-0.002407254328329166,0.008251696825027466,1,0.35391593,DOWN in diabetic,False
ENSG00000253368,TRNP1,1,rs114165349,0.0023173568103624495,0.005055959026018779,1,1.2036183,UP in diabetic,False
ENSG00000134758,RNF138,1,rs531385319,0.0022862712237185293,0.005433171521872282,1,0.71822125,UP in diabetic,False
ENSG00000183508,TENT5C,2,rs10923360;rs826403,0.002186333653975926,0.014629835883776346,2,0.56572,UP in diabetic,False
ENSG00000214026,MRPL23,1,rs1124699,-0.0021206117968818154,0.00520952045917511,1,0.3927892,DOWN in diabetic,False
ENSG00000166228,PCBD1,2,rs827237;rs827241,-0.0021080494857057906,0.01760554313659668,1,4.4120564,DOWN in diabetic,False
ENSG00000161944,ASGR2,1,rs888110,0.0020372402612702308,0.005134657025337219,1,4.084786,UP in diabetic,False
ENSG00000100344,PNPLA3,1,rs738408,-0.0019103864103335796,0.0078639288743337,1,1.1915079,DOWN in diabetic,False
ENSG00000106384,MOGAT3,1,rs147201808,-0.0018435670150520637,0.0058906227350234985,1,0.7653038,DOWN in diabetic,False
ENSG00000089693,MLF2,1,rs55780609,0.0017821297315188892,0.007678074141343434,1,3.2832553,UP in diabetic,False
ENSG00000156374,PCGF6,1,rs41287490,0.0016050452843760458,0.0018690961102644603,0,0.39164102,UP in diabetic,True
ENSG00000152270,PDE3B,1,rs75336838,-0.001533427981877175,0.004274149735768636,1,0.34415522,DOWN in diabetic,False
ENSG00000002933,TMEM176A,1,rs12703104,0.0014456978501935715,0.005753087500731151,1,1.6856087,UP in diabetic,False
ENSG00000099889,ARVCF,2,rs165656;rs165722,-0.001360876938963385,0.0030503571033477783,0,0.2832284,DOWN in diabetic,False
ENSG00000101417,PXMP4,2,rs13042148;rs67611724,-0.0011678747643808335,0.00983455777168274,2,0.28759903,DOWN in diabetic,False
ENSG00000106565,TMEM176B,1,rs6950447,-0.0011541717137102388,0.0046281224737564726,1,3.12508,DOWN in diabetic,False
ENSG00000146755,TRIM50,1,rs3763432,-0.0011321928985710795,0.002483228842417399,0,0.3107707,DOWN in diabetic,False
ENSG00000196428,TSC22D2,1,rs62271373,-0.0011320394360362924,0.0011535386244455974,0,0.29198757,DOWN in diabetic,False
ENSG00000137491,SLCO2B1,1,rs75293274,0.001126577611312142,0.003870214025179545,1,0.6702246,UP in diabetic,False
ENSG00000158062,UBXN11,1,rs34824071,0.0010574721728346058,0.0022107635935147605,0,0.30704066,UP in diabetic,False
ENSG00000138760,SCARB2,1,rs12508223,0.0010430268853327223,0.002517739349665741,0,0.87845093,UP in diabetic,False
ENSG00000174807,CD248,1,rs11110,-0.0010416248676773366,0.002262959877649943,0,1.7894568,DOWN in diabetic,False
ENSG00000284946,ENSG00000284946,1,rs12910825,0.0009685620189059978,0.002778588483730952,1,0.87770444,UP in diabetic,False
ENSG00000181649,PHLDA2,1,rs2188956,-0.0009679667572400376,0.004193445046742757,0,0.89041823,DOWN in diabetic,False
ENSG00000267467,APOC4,1,rs59007384,-0.0009525231623726134,0.0029016428937514624,0,3.9122326,DOWN in diabetic,False
ENSG00000279073,ENSG00000279073,1,rs2002003,-0.0008954929022803568,0.0035415440797805786,1,0.29438275,DOWN in diabetic,False
ENSG00000284341,ENSG00000284341,1,rs7045408,0.0008938804901925698,0.0038665483395258584,1,0.76952744,UP in diabetic,False
ENSG00000163993,S100P,2,rs1801214;rs4234731,0.0008784312805386969,0.005686591068903605,2,7.521303,UP in diabetic,False
ENSG00000130204,TOMM40,1,rs59007384,0.0008218016498792149,0.0025034298499425254,0,1.3173871,UP in diabetic,False
ENSG00000099860,GADD45B,1,rs11881553,0.000812870243665013,0.0025770962238311768,0,2.1778347,UP in diabetic,False
ENSG00000167476,JSRP1,1,rs11881553,-0.0007848480148032248,0.002488255500793457,1,0.7688353,DOWN in diabetic,False
ENSG00000102837,OLFM4,1,rs9568868,-0.000583867215317792,0.002693998316923777,1,0.5499755,DOWN in diabetic,False
ENSG00000106624,AEBP1,1,rs2908290,0.0005592207943751525,0.0025074059764544168,0,0.76887274,UP in diabetic,True
ENSG00000099617,EFNA2,1,rs76096449,0.000438573412846833,0.001685157883912325,0,0.49596962,UP in diabetic,False
