parent,child,sign,effect
ADGRG1,GNA12,1,activates
ADGRG1,GNA13,1,activates
AGT,AGTR1,1,activates
AGTR1,GNAQ,1,activates
APOA1,LCAT,1,activates
AR,NR5A2,1,activates
AR,SNAI2,1,activates
AR,TCF7L2,1,activates
ARID1A,AR,1,activates
ARID1A,GADD45A,1,activates
ARID1A,SMARCA1,1,activates
ARID1A,TP53,1,activates
ATF5,CREB1,1,activates
CAV1,DPP4,-1,inhibits
CCND2,CDK4,1,activates
CCT2,STAT3,1,activates
CDK4,FOXM1,1,activates
CEBPA,PTK2,1,activates
CREB1,CDK11A,1,activates
CREB1,CTNNB1,1,activates
CREB1,HNF4A,1,activates
CREB1,NR5A2,1,activates
CREB1,STAT3,1,activates
CTNNB1,SERPINA1,1,activates
CTNNB1,TCF7L2,1,activates
DCAF7,DYRK1A,1,activates
DCAF7,DYRK1B,1,activates
DYRK1A,FOXO3,-1,inhibits
DYRK1A,MYC,-1,inhibits
DYRK1A,NOTCH1,-1,inhibits
DYRK1A,TP53,1,activates
DYRK1B,HNF1A,1,activates
EGFR,PTK2,1,activates
ESR1,CYP27A1,-1,inhibits
ETV5,CAV1,1,activates
ETV5,PTGS2,1,activates
FLT4,RPS6KA3,-1,inhibits
FOXM1,SERPINA6,1,activates
FOXO3,GADD45A,1,activates
GADD45A,CDK11A,-1,inhibits
GADD45B,CDK11A,-1,inhibits
GATA4,FABP1,1,activates
GNA12,ARHGEF12,1,activates
GNA13,ARHGEF28,1,activates
GNAQ,ARHGEF12,1,activates
GNAQ,ARHGEF25,1,activates
GNAQ,ARHGEF28,1,activates
HIF1A,GATA4,1,activates
HIF1A,PPARA,1,activates
HIF1A,SP1,-1,inhibits
HNF1A,AGT,1,activates
HNF1A,AKR1C4,1,activates
HNF1A,APOA1,-1,inhibits
HNF1A,CEBPA,1,activates
HNF1A,CTNNB1,1,activates
HNF1A,CYP27A1,1,activates
HNF1A,DPP4,1,activates
HNF1A,FABP1,1,activates
HNF1A,GPR39,1,activates
HNF1A,GSTA1,-1,inhibits
HNF1A,HNF4A,1,activates
HNF1A,LIPC,1,activates
HNF1A,LPA,1,activates
HNF1A,MTTP,1,activates
HNF1A,NPC1L1,1,activates
HNF1A,NR5A2,1,activates
HNF1A,SERPINA1,1,activates
HNF1A,SERPINA6,1,activates
HNF1A,SERPINA7,1,activates
HNF1A,SLC22A1,1,activates
HNF1A,SLC23A1,1,activates
HNF1A,SLC5A1,1,activates
HNF1A,TTR,1,activates
HNF1A,UGT1A9,1,activates
HNF1A,UGT2B7,1,activates
HNF1B,AKR1C4,1,activates
HNF1B,CREB1,1,activates
HNF1B,DPP4,-1,inhibits
HNF1B,GSTA1,-1,inhibits
HNF1B,HNF4A,1,activates
HNF1B,KIF12,1,activates
HNF1B,SERPINA1,1,activates
HNF1B,SERPINA6,1,activates
HNF1B,SERPINA7,1,activates
HNF1B,SLC23A1,1,activates
HNF1B,SLC5A1,1,activates
HNF1B,TTR,1,activates
HNF4A,ADGRG1,1,activates
HNF4A,AKR1C4,1,activates
HNF4A,APOA1,1,activates
HNF4A,AR,1,activates
HNF4A,CYP27A1,1,activates
HNF4A,FABP1,1,activates
HNF4A,GPR39,1,activates
HNF4A,HNF1A,1,activates
HNF4A,HNF1B,1,activates
HNF4A,LIPC,1,activates
HNF4A,MTTP,1,activates
HNF4A,NPC1L1,1,activates
HNF4A,SERPINA1,1,activates
HNF4A,SLC22A1,1,activates
HNF4A,TCF7L2,1,activates
HNF4A,TP53,1,activates
HNF4A,TTR,1,activates
HNF4A,UGT1A9,1,activates
HNF4A,UGT2B7,1,activates
HP,APOA1,1,activates
IRF1,UGT1A9,1,activates
KEAP1,GSTA1,-1,inhibits
LPA,LPAR2,1,activates
LPAR2,GNA12,1,activates
LPAR2,GNA13,1,activates
LPAR2,GNAQ,1,activates
MDM2,IRF1,-1,inhibits
MYC,DPP4,-1,inhibits
NACC2,MDM2,-1,inhibits
NOTCH1,SNAI2,1,activates
NR1I2,UGT2B7,1,activates
NR5A2,DIAPH2,1,activates
NR5A2,HNF1A,1,activates
NR5A2,HNF4A,1,activates
NR5A2,UQCRB,1,activates
PCBD1,HNF1B,1,activates
PPARA,SLC22A1,1,activates
PROX1,FLT4,1,activates
PROX1,HIF1A,1,activates
PROX1,NR1I2,-1,inhibits
PROX1,NR5A2,-1,inhibits
PTGS2,KEAP1,-1,inhibits
PTK2,ARHGEF12,1,activates
PTK2,ARHGEF28,1,activates
RGS19,GNAQ,-1,inhibits
RNF138,TCF7L2,-1,inhibits
RPS6KA1,CCT2,1,activates
RPS6KA1,CREB1,1,activates
RPS6KA1,ESR1,1,activates
RPS6KA1,WWC1,1,activates
RPS6KA3,WWC1,1,activates
SFN,YAP1,-1,inhibits
SMARCA1,TTR,1,activates
SNAI2,LPAR2,-1,inhibits
SP1,GPR39,1,activates
SP1,MTTP,-1,inhibits
SP1,SLC5A1,1,activates
STAT3,LCAT,1,activates
TCF7L2,KIF12,1,activates
TCF7L2,SNAI2,1,activates
TCF7L2,WWC1,1,activates
TOMM40,ATF5,-1,inhibits
TP53,GNAQ,1,activates
TP53,GSTA1,-1,inhibits
TP53,UGT2B7,1,activates
VEGFA,EGFR,1,activates
YAP1,WWC1,1,activates
