variant_id,gene,distance
12_4275678_T_G,CCND2,5907
12_120728484_T_A,ACADS,2710
2_164751514_C_G,COBLL1,92165
11_69674650_C_A,CCND1,33494
9_33626825_C_A,PRSS3,123854
7_28174995_A_C,JAZF1,5800
8_41631133_A_C,GPAT4,53946
11_47921826_T_C,PTPRJ,58599
6_127077233_A_G,RSPO3,41438
10_69554950_G_C,TSPAN15,103485
11_92975544_C_G,SLC36A4,222447
2_120590036_G_C,INHBB,243900
11_92982947_C_A,SLC36A4,215044
17_7651218_T_C,ATP1B2,4591
12_65828372_C_G,LLPH,302378
8_41534069_A_G,GPAT4,43118
12_4275503_C_T,CCND2,5732
11_8670792_G_A,TRIM66,11902
11_2557933_A_G,TSSC4,157445
14_100788835_A_G,WDR25,412417
12_4294710_C_T,TIGAR,13053
11_2670270_G_A,CDKN1C,215505
17_3924792_C_G,ATP2A3,39672
11_67457697_G_A,AIP,10477
17_78131350_G_C,TMC8,580
4_1065916_G_A,FGFRL1,55980
19_51278201_G_A,IGLON5,33443
17_37686448_G_C,DDX52,43002
12_120979503_C_T,HNF1A,960
16_75200974_C_A,CTRB2,6187
8_41651058_C_A,GPAT4,73871
11_627276_C_T,CDHR5,1198
6_43770093_A_G,VEGFA,91
11_334878_T_A,IFITM3,5403
1_116990168_C_T,PTGFRN,80252
3_48172008_A_T,ZNF589,69092
16_72054877_C_T,HP,372
11_65516538_G_C,SCYL1,8539
16_81501185_T_C,CMIP,56377
7_150844111_C_A,AOC1,19484
10_88237813_C_T,RNLS,346717
12_124024429_G_C,CCDC92,51598
3_150348753_T_A,TSC22D2,59545
7_30688836_C_T,INMT,9149
17_46864000_A_G,WNT3,30846
12_4246442_C_T,CCND2,23329
4_1003210_G_T,FGFRL1,6726
X_129980808_G_A,BCORL1,299
7_72690844_T_C,TYW1B,137356
2_119524439_C_T,TMEM37,94538
12_120994314_G_C,HNF1A,15771
8_41559008_T_C,GPAT4,18179
15_58446224_C_T,LIPC,35655
3_48193002_G_A,ZNF589,48098
12_27475809_T_C,PPFIBP1,47622
8_117173494_A_G,RAD21,298718
20_44394715_G_A,HNF4A,39016
15_40104990_C_G,BMF,3902
18_63228749_G_A,KDSR,138479
1_156236927_T_G,BGLAP,5257
6_53237163_C_T,ELOVL5,112016
12_6630331_T_C,CHD4,15807
20_59032308_C_T,PRELID3B,10501
16_250400_T_C,FAM234A,15879
11_65638129_G_T,SIPA1,28
15_77892951_C_T,TBC1D2B,184773
11_65706327_C_A,KAT5,5669
11_2160108_G_A,INS-IGF2,1101
10_103303522_T_C,NT5C2,25917
12_132776116_A_C,ANKLE2,14284
12_49869365_G_A,BCDIN3D,26259
16_24791651_T_C,TNRC6A,181442
13_26202862_A_G,RNF6,19452
11_113675334_A_T,ZW10,98401
19_47100028_C_T,SAE1,13246
1_6591668_C_T,ZBTB48,11674
14_76834520_C_T,ANGEL1,8274
7_14849201_G_C,AGMO,712814
19_7977563_T_G,ELAVL1,28096
11_1675619_C_T,KRTAP5-6,21576
1_112587437_A_G,CAPZA1,32368
17_63589646_C_T,TACO1,11236
1_213977102_T_A,PROX1,6079
4_185651349_T_C,PDLIM3,115842
20_44366172_T_C,HNF4A,10473
15_40336470_G_A,INAFM2,12778
20_44605008_A_G,ADA,47244
9_136611268_C_T,EGFL7,47588
19_816540_T_C,PTBP1,19465
11_66962403_A_G,PC,4017
19_7903283_G_A,MAP2K7,560
9_133735466_T_C,SARDH,4489
10_79182874_A_G,ZMIZ1,113908
14_94403023_G_A,SERPINA1,12330
12_117977121_G_A,RFC5,36467
11_2708707_C_T,CDKN1C,177068
9_4298589_G_A,GLIS3,49803
3_186951426_A_G,ST6GAL1,21101
2_164962511_A_T,SLC38A11,6986
16_1329705_G_A,BAIAP3,3933
4_6298187_A_G,WFS1,28338
18_32177620_T_G,RNF138,85746
17_49013423_C_T,SNF8,68581
11_17393643_C_G,NUCB2,185490
12_120655830_C_T,MLEC,31319
16_2107078_T_C,PKD1,28820
10_13217439_G_T,PHYH,84973
19_40272511_A_C,AKT2,13025
11_2887169_C_T,CDKN1C,1394
20_64064525_C_A,TCEA2,14689
5_134551620_A_G,JADE2,27308
20_51541934_C_A,NFATC2,20897
6_39313680_A_C,KCNK17,781
X_153635030_C_T,SLC6A8,52896
7_90489966_T_C,CDK14,23542
1_26280514_C_A,SH3BGRL3,428
11_61829740_C_T,FADS1,422
11_66438698_C_T,PELI3,27629
1_26695422_G_C,ARID1A,2186
12_120646931_C_T,MLEC,40218
7_73560539_C_T,BCL7B,2849
20_33350300_C_A,CDK5RAP1,51261
14_21464433_C_T,CHD8,8307
3_47083271_T_A,SETD2,80842
3_184278425_C_T,ECE2,2414
4_6302515_T_C,WFS1,32666
18_32092229_C_A,RNF138,355
14_94239493_C_T,SERPINA10,53775
4_76206873_A_G,SCARB2,27663
X_19437376_C_T,PDHA1,93483
3_12288284_C_T,PPARG,916
1_26291283_C_T,SH3BGRL3,11197
11_2143760_G_A,IGF2,14631
10_12265895_C_T,CDC123,69930
17_7608442_A_T,SHBG,5504
1_155244682_A_G,SCAMP3,17751
2_65056838_T_C,CEP68,484
13_50521959_A_T,RNASEH2B,387788
12_4203324_A_G,CCND2,66447
16_3965728_C_T,CREBBP,85015
11_72752390_G_A,ARAP1,41209
5_77139179_G_A,ZBED3,51894
2_233211879_C_T,ATG16L1,1828
8_12936769_A_G,LONRF1,180696
20_62642608_G_A,SLCO4A1,105
22_19961490_C_T,TXNRD2,19670
11_14555245_C_T,COPB1,55218
15_40340937_A_T,INAFM2,17245
15_90968030_A_G,RCCD1,13149
20_44627796_G_A,ADA,24456
10_101781296_C_T,NPM3,2150
15_40343658_C_T,INAFM2,19966
13_50519978_T_G,RNASEH2B,389769
2_65057097_A_T,CEP68,743
10_70887896_G_C,PCBD1,669
19_7097047_C_A,ZNF557,27344
10_70888579_C_T,PCBD1,14
17_63505531_C_T,DCAF7,44691
11_2174751_T_C,INS-IGF2,13542
19_44893408_G_T,TOMM40,2839
11_2261503_A_C,INS-IGF2,100294
10_48454447_A_G,MAPK8,147808
12_20426458_G_C,SLCO1B3,384244
10_92710758_T_C,HHEX,20803
19_45652917_C_T,EML2,7315
17_68457164_C_G,WIPI1,349
7_44177527_C_T,YKT6,23432
19_2543659_G_T,GADD45B,67537
9_133735079_T_C,SARDH,4876
7_100812129_G_A,SLC12A9,14691
11_45370875_C_T,CHST1,294747
7_100812130_C_T,SLC12A9,14690
11_2258868_A_G,INS-IGF2,97659
3_125200933_T_C,SLC12A8,11931
1_117624577_A_G,MAN1A2,257128
19_45652921_G_C,EML2,7319
12_123251537_G_T,MPHOSPH9,7523
10_104388528_G_A,ITPRIP,50063
10_79182863_C_T,ZMIZ1,113897
3_49893910_A_T,MON1A,36263
11_30731153_C_T,ARL14EP,408049
3_184276748_A_G,ECE2,737
6_160513793_C_T,LPA,150482
11_74913237_A_G,XRRA1,35963
11_2142702_A_T,IGF2,15689
4_6301295_C_T,WFS1,31446
19_817394_C_T,PTBP1,20319
15_67731471_T_C,MAP2K5,188768
3_129265010_A_G,HMCES,13818
11_61500785_A_G,SDHAF2,70743
17_57879064_C_T,MRPS23,29008
12_3921938_C_T,PARP11,48490
1_117624255_C_T,MAN1A2,256806
18_59216087_T_G,SEC11C,76221
3_14848233_C_A,FGD5,37380
19_12393701_T_C,ZNF799,7570
19_1237075_G_T,MIDN,11478
19_1236709_C_A,MIDN,11844
21_41204348_G_A,MX2,157651
11_49154506_A_G,FOLH1,54132
20_33712865_G_A,PXMP4,7454
10_69726795_C_T,TSPAN15,275330
5_102534436_G_A,PAM,219545
20_33720469_C_T,PXMP4,150
11_2143569_G_C,IGF2,14822
9_137477733_C_T,NSMF,18399
7_150839499_T_C,AOC1,14872
7_150838895_T_C,AOC1,14268
20_64062966_G_T,TCEA2,13130
1_1716097_C_T,CDK11A,8260
7_150838818_T_C,AOC1,14191
7_150839593_T_C,AOC1,14966
7_102289389_G_T,SH2B2,4298
22_43928850_C_T,PNPLA3,5058
10_48150339_C_T,MAPK8,156300
3_53659043_T_C,CHDH,187376
19_18701214_A_G,CRTC1,17536
7_44322946_C_T,CAMK2B,11631
16_75202865_C_G,CTRB2,4296
8_143325691_A_G,TOP1MT,34288
20_33710480_C_T,PXMP4,9839
7_44325263_C_G,CAMK2B,9314
12_6750133_G_A,PTMS,15383
9_136612314_G_A,EGFL7,46542
11_2486909_T_C,TSSC4,86421
2_164960909_G_A,SLC38A11,5384
6_56399929_T_C,DST,554901
11_45367674_A_C,CHST1,297948
17_63589325_C_T,TACO1,11557
2_233206983_C_T,ATG16L1,3068
7_44176538_G_A,YKT6,24421
9_136352316_G_A,DNLZ,11428
6_43852478_A_G,VEGFA,82294
13_53533448_G_T,SUGT1,880739
19_1233053_A_C,MIDN,15500
20_62642365_G_C,SLCO4A1,138
19_1224287_G_T,MIDN,24266
3_186108951_T_G,ETV5,1367
17_63504930_T_C,DCAF7,45292
13_109140829_G_A,IRS2,645754
3_9473172_G_A,SETD5,75557
1_201727924_T_C,IPO9,101225
22_19961340_G_C,TXNRD2,19520
4_105145663_C_G,TET2,212
22_48478498_C_T,BRD1,1349375
X_153634467_A_G,SLC6A8,53459
7_44324927_G_A,CAMK2B,9650
