bin,chrom,chromStart,chromEnd,name,score,sourceCount,sourceIds,sourceScores,site
2217,chr1,213976613,213977334,ZBTB33,202,1,1213,202,rs17712208
2217,chr1,213976643,213977256,SP1,404,3,"544,865,1133","221,388,404",rs17712208
2217,chr1,213976659,213977197,RXRA,234,2,"738,1070","234,207",rs17712208
2217,chr1,213976699,213977306,HNF4A,327,2,"393,1044","327,260",rs17712208
2217,chr1,213976746,213977306,YY1,317,2,"174,367","317,182",rs17712208
2217,chr1,213976810,213977273,FOXA2,296,2,"40,586","296,171",rs17712208
2217,chr1,213976865,213977494,HNF1A,557,1,916,557,rs17712208
2217,chr1,213976894,213977264,HNF4G,203,1,117,203,rs17712208
2217,chr1,213979548,213987590,EZH2,1000,10,"34,72,389,722,777,824,871,957,1093,1182","960,1000,827,938,1000,1000,814,1000,388,792",rs340874
2217,chr1,213984681,213986963,SUZ12,1000,1,1069,1000,rs340874
2217,chr1,213985134,213986051,KDM4A,454,1,69,454,rs340874
2217,chr1,213985455,213985947,RNF2,626,1,547,626,rs340874
2217,chr1,213985528,213986088,YY1,226,1,174,226,rs340874
2217,chr1,213985892,213986637,TAF1,394,1,1139,394,rs340874
