tf,experiment,cell,file,peak_type,site,bound,peak_start,peak_end,covers_variant,summit_to_variant_bp,signal
HNF1A,ENCSR800QIT,HepG2,ENCFF800QTO,optimal IDR thresholded peaks,rs17712208,True,213976865.0,213977275.0,True,31.0,61.87701
HNF1A,ENCSR800QIT,HepG2,ENCFF800QTO,optimal IDR thresholded peaks,rs340874,False,,,,,
HNF1A,ENCSR633HRJ,HepG2,ENCFF767MSS,IDR thresholded peaks,rs17712208,True,213976820.0,213977356.0,True,13.0,76.06627
HNF1A,ENCSR633HRJ,HepG2,ENCFF767MSS,IDR thresholded peaks,rs340874,False,,,,,
HNF1B,ENCSR127XTZ,HepG2,ENCFF022QCK,IDR thresholded peaks,rs17712208,False,,,,,
HNF1B,ENCSR127XTZ,HepG2,ENCFF022QCK,IDR thresholded peaks,rs340874,False,,,,,
HNF4A,ENCSR469FBY,HepG2,ENCFF704BPD,IDR thresholded peaks,rs17712208,False,,,,,
HNF4A,ENCSR469FBY,HepG2,ENCFF704BPD,IDR thresholded peaks,rs340874,False,,,,,
HNF4A,ENCSR601OGE,liver,ENCFF286UYA,conservative IDR thresholded peaks,rs17712208,True,213976901.0,213977305.0,True,-2.0,24.53091
HNF4A,ENCSR601OGE,liver,ENCFF286UYA,conservative IDR thresholded peaks,rs340874,False,,,,,
HNF4A,ENCSR000EEU,HepG2,ENCFF356ZVN,IDR thresholded peaks,rs17712208,False,,,,,
HNF4A,ENCSR000EEU,HepG2,ENCFF356ZVN,IDR thresholded peaks,rs340874,False,,,,,
HNF4A,ENCSR000BLF,HepG2,ENCFF072CXB,optimal IDR thresholded peaks,rs17712208,False,,,,,
HNF4A,ENCSR000BLF,HepG2,ENCFF072CXB,optimal IDR thresholded peaks,rs340874,False,,,,,
HNF4A,ENCSR445QRF,liver,ENCFF476CEF,conservative IDR thresholded peaks,rs17712208,False,213976818.0,213976974.0,False,189.0,83.70953
HNF4A,ENCSR445QRF,liver,ENCFF476CEF,conservative IDR thresholded peaks,rs340874,False,,,,,
FOXA1,ENCSR000BKY,T47D,ENCFF420MLJ,optimal IDR thresholded peaks,rs17712208,False,,,,,
FOXA1,ENCSR000BKY,T47D,ENCFF420MLJ,optimal IDR thresholded peaks,rs340874,False,,,,,
FOXA1,ENCSR000BLE,HepG2,ENCFF872MGU,optimal IDR thresholded peaks,rs17712208,False,,,,,
FOXA1,ENCSR000BLE,HepG2,ENCFF872MGU,optimal IDR thresholded peaks,rs340874,False,,,,,
FOXA1,ENCSR000BPX,A549,ENCFF167BKY,optimal IDR thresholded peaks,rs17712208,False,,,,,
FOXA1,ENCSR000BPX,A549,ENCFF167BKY,optimal IDR thresholded peaks,rs340874,False,,,,,
FOXA1,ENCSR000BRD,A549,ENCFF297HAX,optimal IDR thresholded peaks,rs17712208,False,,,,,
FOXA1,ENCSR000BRD,A549,ENCFF297HAX,optimal IDR thresholded peaks,rs340874,False,,,,,
FOXA1,ENCSR267DFA,HepG2,ENCFF367TQC,optimal IDR thresholded peaks,rs17712208,False,,,,,
FOXA1,ENCSR267DFA,HepG2,ENCFF367TQC,optimal IDR thresholded peaks,rs340874,False,,,,,
FOXA1,ENCSR094WHO,HEK293T,ENCFF514ZNN,optimal IDR thresholded peaks,rs17712208,False,,,,,
FOXA1,ENCSR094WHO,HEK293T,ENCFF514ZNN,optimal IDR thresholded peaks,rs340874,False,,,,,
FOXA1,ENCSR735KEY,liver,ENCFF324QGE,optimal IDR thresholded peaks,rs17712208,False,,,,,
FOXA1,ENCSR735KEY,liver,ENCFF324QGE,optimal IDR thresholded peaks,rs340874,False,,,,,
FOXA1,ENCSR324RCI,liver,ENCFF951VPZ,optimal IDR thresholded peaks,rs17712208,False,,,,,
FOXA1,ENCSR324RCI,liver,ENCFF951VPZ,optimal IDR thresholded peaks,rs340874,False,,,,,
FOXA1,ENCSR000BMO,HepG2,ENCFF152BOT,optimal IDR thresholded peaks,rs17712208,False,,,,,
FOXA1,ENCSR000BMO,HepG2,ENCFF152BOT,optimal IDR thresholded peaks,rs340874,False,,,,,
FOXA1,ENCSR000BKW,Ishikawa,ENCFF718AVS,IDR thresholded peaks,rs17712208,False,,,,,
FOXA1,ENCSR000BKW,Ishikawa,ENCFF718AVS,IDR thresholded peaks,rs340874,False,,,,,
FOXA1,ENCSR865RXA,HepG2,ENCFF081USG,IDR thresholded peaks,rs17712208,False,,,,,
FOXA1,ENCSR865RXA,HepG2,ENCFF081USG,IDR thresholded peaks,rs340874,False,,,,,
FOXA1,ENCSR126YEB,MCF-7,ENCFF160RLI,optimal IDR thresholded peaks,rs17712208,False,,,,,
FOXA1,ENCSR126YEB,MCF-7,ENCFF160RLI,optimal IDR thresholded peaks,rs340874,False,,,,,
FOXA1,ENCSR819LHG,K562,ENCFF765NAN,optimal IDR thresholded peaks,rs17712208,False,,,,,
FOXA1,ENCSR819LHG,K562,ENCFF765NAN,optimal IDR thresholded peaks,rs340874,False,,,,,
FOXA2,ENCSR490AMH,HepG2,ENCFF656PGC,IDR thresholded peaks,rs17712208,False,,,,,
FOXA2,ENCSR490AMH,HepG2,ENCFF656PGC,IDR thresholded peaks,rs340874,False,,,,,
FOXA2,ENCSR000BNI,HepG2,ENCFF184NAC,optimal IDR thresholded peaks,rs17712208,False,,,,,
FOXA2,ENCSR000BNI,HepG2,ENCFF184NAC,optimal IDR thresholded peaks,rs340874,False,,,,,
FOXA2,ENCSR000BRE,A549,ENCFF686MSH,IDR thresholded peaks,rs17712208,False,,,,,
FOXA2,ENCSR000BRE,A549,ENCFF686MSH,IDR thresholded peaks,rs340874,False,,,,,
FOXA2,ENCSR310NYI,liver,ENCFF168JLI,optimal IDR thresholded peaks,rs17712208,True,213976810.0,213977154.0,True,119.0,24.67402
FOXA2,ENCSR310NYI,liver,ENCFF168JLI,optimal IDR thresholded peaks,rs340874,False,213986037.0,213986381.0,False,-297.0,28.77263
FOXA2,ENCSR080XEY,liver,ENCFF293LRQ,optimal IDR thresholded peaks,rs17712208,True,213976929.0,213977273.0,True,0.0,16.95037
FOXA2,ENCSR080XEY,liver,ENCFF293LRQ,optimal IDR thresholded peaks,rs340874,False,213986040.0,213986384.0,False,-300.0,25.43637
FOXA2,ENCSR066EBK,HepG2,ENCFF259BJR,optimal IDR thresholded peaks,rs17712208,False,,,,,
FOXA2,ENCSR066EBK,HepG2,ENCFF259BJR,optimal IDR thresholded peaks,rs340874,False,,,,,
CEBPA,ENCSR142IGM,HepG2,ENCFF874PIO,optimal IDR thresholded peaks,rs17712208,True,213976997.0,213977297.0,True,-46.0,34.94021
CEBPA,ENCSR142IGM,HepG2,ENCFF874PIO,optimal IDR thresholded peaks,rs340874,False,,,,,
CEBPB,ENCSR000EEX,HepG2,ENCFF062USI,IDR thresholded peaks,rs17712208,False,,,,,
CEBPB,ENCSR000EEX,HepG2,ENCFF062USI,IDR thresholded peaks,rs340874,False,,,,,
CEBPB,ENCSR000BRQ,K562,ENCFF813LOW,optimal IDR thresholded peaks,rs17712208,False,,,,,
CEBPB,ENCSR000BRQ,K562,ENCFF813LOW,optimal IDR thresholded peaks,rs340874,False,,,,,
CEBPB,ENCSR416QLJ,K562,ENCFF547SJG,optimal IDR thresholded peaks,rs17712208,False,,,,,
CEBPB,ENCSR416QLJ,K562,ENCFF547SJG,optimal IDR thresholded peaks,rs340874,False,,,,,
CEBPB,ENCSR000BUB,A549,ENCFF894YJQ,IDR thresholded peaks,rs17712208,False,,,,,
CEBPB,ENCSR000BUB,A549,ENCFF894YJQ,IDR thresholded peaks,rs340874,False,,,,,
CEBPB,ENCSR000EFM,IMR-90,ENCFF757KYL,optimal IDR thresholded peaks,rs17712208,False,,,,,
CEBPB,ENCSR000EFM,IMR-90,ENCFF757KYL,optimal IDR thresholded peaks,rs340874,False,,,,,
CEBPB,ENCSR000BRX,GM12878,ENCFF955YFB,IDR thresholded peaks,rs17712208,False,,,,,
CEBPB,ENCSR000BRX,GM12878,ENCFF955YFB,IDR thresholded peaks,rs340874,False,,,,,
CEBPB,ENCSR681NOM,GM12878,ENCFF786YYI,optimal IDR thresholded peaks,rs17712208,False,,,,,
CEBPB,ENCSR681NOM,GM12878,ENCFF786YYI,optimal IDR thresholded peaks,rs340874,False,,,,,
CEBPB,ENCSR606ZTC,A549,ENCFF393CCO,IDR thresholded peaks,rs17712208,False,,,,,
CEBPB,ENCSR606ZTC,A549,ENCFF393CCO,IDR thresholded peaks,rs340874,False,,,,,
CEBPB,ENCSR299ILN,A549,ENCFF738TVZ,IDR thresholded peaks,rs17712208,False,,,,,
CEBPB,ENCSR299ILN,A549,ENCFF738TVZ,IDR thresholded peaks,rs340874,False,,,,,
CEBPB,ENCSR853DWE,A549,ENCFF635QYF,IDR thresholded peaks,rs17712208,False,,,,,
CEBPB,ENCSR853DWE,A549,ENCFF635QYF,IDR thresholded peaks,rs340874,False,,,,,
CEBPB,ENCSR000DYI,A549,ENCFF047UIF,optimal IDR thresholded peaks,rs17712208,False,,,,,
CEBPB,ENCSR000DYI,A549,ENCFF047UIF,optimal IDR thresholded peaks,rs340874,False,,,,,
CEBPB,ENCSR000BQI,HepG2,ENCFF862DXR,optimal IDR thresholded peaks,rs17712208,False,,,,,
CEBPB,ENCSR000BQI,HepG2,ENCFF862DXR,optimal IDR thresholded peaks,rs340874,False,,,,,
CEBPB,ENCSR000EEE,HepG2,ENCFF915ZYE,optimal IDR thresholded peaks,rs17712208,False,,,,,
CEBPB,ENCSR000EEE,HepG2,ENCFF915ZYE,optimal IDR thresholded peaks,rs340874,False,,,,,
CEBPB,ENCSR000EHE,K562,ENCFF321KQD,optimal IDR thresholded peaks,rs17712208,False,,,,,
CEBPB,ENCSR000EHE,K562,ENCFF321KQD,optimal IDR thresholded peaks,rs340874,False,,,,,
CEBPB,ENCSR000BSR,MCF-7,ENCFF240ZHW,IDR thresholded peaks,rs17712208,False,,,,,
CEBPB,ENCSR000BSR,MCF-7,ENCFF240ZHW,IDR thresholded peaks,rs340874,False,,,,,
CEBPB,ENCSR000BTT,Ishikawa,ENCFF498VXG,optimal IDR thresholded peaks,rs17712208,False,,,,,
CEBPB,ENCSR000BTT,Ishikawa,ENCFF498VXG,optimal IDR thresholded peaks,rs340874,False,,,,,
CEBPB,ENCSR000EBV,H1,ENCFF823KCM,IDR thresholded peaks,rs17712208,False,,,,,
CEBPB,ENCSR000EBV,H1,ENCFF823KCM,IDR thresholded peaks,rs340874,False,,,,,
CEBPB,ENCSR000BSD,HCT116,ENCFF963FVR,IDR thresholded peaks,rs17712208,False,,,,,
CEBPB,ENCSR000BSD,HCT116,ENCFF963FVR,IDR thresholded peaks,rs340874,False,,,,,
CEBPB,ENCSR447ZMS,A549,ENCFF183BTT,IDR thresholded peaks,rs17712208,False,,,,,
CEBPB,ENCSR447ZMS,A549,ENCFF183BTT,IDR thresholded peaks,rs340874,False,,,,,
CEBPB,ENCSR269IUA,A549,ENCFF470CPW,IDR thresholded peaks,rs17712208,False,,,,,
CEBPB,ENCSR269IUA,A549,ENCFF470CPW,IDR thresholded peaks,rs340874,False,,,,,
CEBPB,ENCSR000EDA,HeLa-S3,ENCFF014TJO,IDR thresholded peaks,rs17712208,False,,,,,
CEBPB,ENCSR000EDA,HeLa-S3,ENCFF014TJO,IDR thresholded peaks,rs340874,False,,,,,
CEBPB,ENCSR474DCX,A549,ENCFF173QBJ,IDR thresholded peaks,rs17712208,False,,,,,
CEBPB,ENCSR474DCX,A549,ENCFF173QBJ,IDR thresholded peaks,rs340874,False,,,,,
CEBPB,ENCSR375BUB,A549,ENCFF202LMH,IDR thresholded peaks,rs17712208,False,,,,,
CEBPB,ENCSR375BUB,A549,ENCFF202LMH,IDR thresholded peaks,rs340874,False,,,,,
CEBPB,ENCSR216GEB,A549,ENCFF073TFX,IDR thresholded peaks,rs17712208,False,,,,,
CEBPB,ENCSR216GEB,A549,ENCFF073TFX,IDR thresholded peaks,rs340874,False,,,,,
CEBPB,ENCSR701TCU,A549,ENCFF155LGO,IDR thresholded peaks,rs17712208,False,,,,,
CEBPB,ENCSR701TCU,A549,ENCFF155LGO,IDR thresholded peaks,rs340874,False,,,,,
CEBPB,ENCSR752AQK,A549,ENCFF149ZWX,IDR thresholded peaks,rs17712208,False,,,,,
CEBPB,ENCSR752AQK,A549,ENCFF149ZWX,IDR thresholded peaks,rs340874,False,,,,,
CEBPB,ENCSR190VMK,A549,ENCFF462AJX,IDR thresholded peaks,rs17712208,False,,,,,
CEBPB,ENCSR190VMK,A549,ENCFF462AJX,IDR thresholded peaks,rs340874,False,,,,,
CEBPB,ENCSR182OZC,A549,ENCFF951BHY,IDR thresholded peaks,rs17712208,False,,,,,
CEBPB,ENCSR182OZC,A549,ENCFF951BHY,IDR thresholded peaks,rs340874,False,,,,,
ONECUT1,ENCSR956OSX,HepG2,ENCFF919ZSN,IDR thresholded peaks,rs17712208,True,213977056.0,213977147.0,True,-5.0,113.97321
ONECUT1,ENCSR956OSX,HepG2,ENCFF919ZSN,IDR thresholded peaks,rs340874,False,,,,,
NR2F2,ENCSR000BUY,MCF-7,ENCFF386FQQ,IDR thresholded peaks,rs17712208,False,,,,,
NR2F2,ENCSR000BUY,MCF-7,ENCFF386FQQ,IDR thresholded peaks,rs340874,False,,,,,
NR2F2,ENCSR000BVM,HepG2,ENCFF804MKP,IDR thresholded peaks,rs17712208,False,,,,,
NR2F2,ENCSR000BVM,HepG2,ENCFF804MKP,IDR thresholded peaks,rs340874,False,,,,,
NR2F2,ENCSR000BRS,K562,ENCFF118HUH,optimal IDR thresholded peaks,rs17712208,False,,,,,
NR2F2,ENCSR000BRS,K562,ENCFF118HUH,optimal IDR thresholded peaks,rs340874,False,,,,,
NR2F2,ENCSR338MMB,liver,ENCFF379TVQ,optimal IDR thresholded peaks,rs17712208,False,,,,,
NR2F2,ENCSR338MMB,liver,ENCFF379TVQ,optimal IDR thresholded peaks,rs340874,False,,,,,
NR2F2,ENCSR168SMX,liver,ENCFF819WNB,optimal IDR thresholded peaks,rs17712208,False,,,,,
NR2F2,ENCSR168SMX,liver,ENCFF819WNB,optimal IDR thresholded peaks,rs340874,False,,,,,
MNX1,ENCSR108MKR,HepG2,ENCFF958FYM,IDR thresholded peaks,rs17712208,False,,,,,
MNX1,ENCSR108MKR,HepG2,ENCFF958FYM,IDR thresholded peaks,rs340874,False,213985158.0,213985774.0,False,446.0,46.54056
SOX5,ENCSR961WLZ,HepG2,ENCFF703VBH,optimal IDR thresholded peaks,rs17712208,False,,,,,
SOX5,ENCSR961WLZ,HepG2,ENCFF703VBH,optimal IDR thresholded peaks,rs340874,False,,,,,
YY1,ENCSR000EXG,NT2/D1,ENCFF226OCL,optimal IDR thresholded peaks,rs17712208,False,,,,,
YY1,ENCSR000EXG,NT2/D1,ENCFF226OCL,optimal IDR thresholded peaks,rs340874,False,,,,,
YY1,ENCSR000BKD,H1,ENCFF509GYP,optimal IDR thresholded peaks,rs17712208,False,,,,,
YY1,ENCSR000BKD,H1,ENCFF509GYP,optimal IDR thresholded peaks,rs340874,False,,,,,
YY1,ENCSR000BPM,A549,ENCFF613DTQ,optimal IDR thresholded peaks,rs17712208,False,,,,,
YY1,ENCSR000BPM,A549,ENCFF613DTQ,optimal IDR thresholded peaks,rs340874,False,,,,,
YY1,ENCSR000EWF,K562,ENCFF635XCI,optimal IDR thresholded peaks,rs17712208,False,,,,,
YY1,ENCSR000EWF,K562,ENCFF635XCI,optimal IDR thresholded peaks,rs340874,False,,,,,
YY1,ENCSR000BLZ,SK-N-SH,ENCFF363UWP,optimal IDR thresholded peaks,rs17712208,False,,,,,
YY1,ENCSR000BLZ,SK-N-SH,ENCFF363UWP,optimal IDR thresholded peaks,rs340874,False,,,,,
YY1,ENCSR000BNT,HepG2,ENCFF177YDT,optimal IDR thresholded peaks,rs17712208,False,,,,,
YY1,ENCSR000BNT,HepG2,ENCFF177YDT,optimal IDR thresholded peaks,rs340874,False,,,,,
YY1,ENCSR382MOM,liver,ENCFF459TWF,optimal IDR thresholded peaks,rs17712208,False,213976875.0,213977083.0,False,193.0,29.59378
YY1,ENCSR382MOM,liver,ENCFF459TWF,optimal IDR thresholded peaks,rs340874,False,,,,,
YY1,ENCSR000BSM,SK-N-SH,ENCFF042OEY,IDR thresholded peaks,rs17712208,False,,,,,
YY1,ENCSR000BSM,SK-N-SH,ENCFF042OEY,IDR thresholded peaks,rs340874,False,,,,,
YY1,ENCSR000BKU,K562,ENCFF953BTB,optimal IDR thresholded peaks,rs17712208,False,,,,,
YY1,ENCSR000BKU,K562,ENCFF953BTB,optimal IDR thresholded peaks,rs340874,False,,,,,
YY1,ENCSR000BNX,HCT116,ENCFF094BQZ,optimal IDR thresholded peaks,rs17712208,False,,,,,
YY1,ENCSR000BNX,HCT116,ENCFF094BQZ,optimal IDR thresholded peaks,rs340874,False,,,,,
YY1,ENCSR000BKJ,GM12891,ENCFF538VYU,optimal IDR thresholded peaks,rs17712208,False,,,,,
YY1,ENCSR000BKJ,GM12891,ENCFF538VYU,optimal IDR thresholded peaks,rs340874,False,,,,,
YY1,ENCSR994YLZ,liver,ENCFF838VFX,optimal IDR thresholded peaks,rs17712208,True,213976746.0,213977306.0,True,75.0,45.789
YY1,ENCSR994YLZ,liver,ENCFF838VFX,optimal IDR thresholded peaks,rs340874,True,213985528.0,213986088.0,True,104.0,32.61048
YY1,ENCSR000BMH,K562,ENCFF024TJO,optimal IDR thresholded peaks,rs17712208,False,,,,,
YY1,ENCSR000BMH,K562,ENCFF024TJO,optimal IDR thresholded peaks,rs340874,False,,,,,
YY1,ENCSR000EUM,GM12878,ENCFF258UEW,IDR thresholded peaks,rs17712208,False,,,,,
YY1,ENCSR000EUM,GM12878,ENCFF258UEW,IDR thresholded peaks,rs340874,False,,,,,
YY1,ENCSR000BSY,Ishikawa,ENCFF503BXM,optimal IDR thresholded peaks,rs17712208,False,,,,,
YY1,ENCSR000BSY,Ishikawa,ENCFF503BXM,optimal IDR thresholded peaks,rs340874,False,,,,,
YY1,ENCSR000BLT,GM12892,ENCFF072IHJ,optimal IDR thresholded peaks,rs17712208,False,,,,,
YY1,ENCSR000BLT,GM12892,ENCFF072IHJ,optimal IDR thresholded peaks,rs340874,False,,,,,
YY1,ENCSR859RAO,HEK293,ENCFF437JVZ,optimal IDR thresholded peaks,rs17712208,False,,,,,
YY1,ENCSR859RAO,HEK293,ENCFF437JVZ,optimal IDR thresholded peaks,rs340874,False,,,,,
YY1,ENCSR000BNP,GM12878,ENCFF223MUF,optimal IDR thresholded peaks,rs17712208,False,,,,,
YY1,ENCSR000BNP,GM12878,ENCFF223MUF,optimal IDR thresholded peaks,rs340874,False,,,,,
