yardstick,test,A_AlphaGenome,B_nearest_gene,C_shuffled_mean,n_genes,p_A_vs_C,B_nearest_all_variants,random_mean,p_A_vs_random,p_A_vs_B,A_minus_B_95CI,level1_genes_in_list
GSE23343,DIRECTION all DE genes,0.42927918981153135,,0.506406563582278,455,0.7112887112887113,,,,,,
GSE23343,DIRECTION top-50 genes,0.4363494809937405,,0.5020070989862913,50,0.6503496503496503,,,,,,
GSE23343,GENE CHOICE AUC (DE genes in diabetic liver),0.5125979668590039,0.5115908258411278,,515,,0.5141090410581327,0.5094368837744032,0.3545816733067729,0.3852295409181637,-0.006 to 0.009,
GSE15653,DIRECTION all DE genes,0.5442137912147211,,0.4969748419020709,172,0.3876123876123876,,,,,,
GSE15653,DIRECTION top-50 genes,0.5425330902086033,,0.4943675683915048,50,0.38161838161838163,,,,,,
GSE15653,GENE CHOICE AUC (DE genes in diabetic liver),0.4833357216211698,0.4857767508140081,,204,,0.4813191110792673,0.5001827816388431,0.900398406374502,0.6127744510978044,-0.016 to 0.009,
Open Targets,"GENE CHOICE: Mendelian / rare-variant diabetes genes, top-100 downstream (roots excluded)",6.0,5.0,,87,,1.0,2.4,0.05094905094905095,,,4.0
Open Targets,GENE CHOICE AUC: Mendelian / rare-variant diabetes genes,0.589991055796605,0.5798974271142574,,87,,0.6634229656694831,0.5,,0.07784431137724551,-0.003 to 0.021,
Open Targets,"GENE CHOICE: approved-drug targets for diabetes, top-100 downstream (roots excluded)",12.0,11.0,,238,,7.0,6.9,0.08691308691308691,,,1.0
Open Targets,GENE CHOICE AUC: approved-drug targets for diabetes,0.5939338547441392,0.6009965881411148,,238,,0.7226512612176812,0.5,,0.9301397205588823,-0.018 to 0.002,
