gene_id,variant,pip,beta_eqtl,beta_t2d,se_t2d,p_t2d,wald_ratio,genetic_direction,gene,tree_push,tree_direction,agree
ENSG00000173801,chr17_41786242_G_A,0.321927343164521,0.449889,0.0190474,0.00587806,0.00119352,0.0423379989286246,higher expression -> MORE T2D,JUP,-0.008370073415979654,DOWN in diabetic,False
ENSG00000131187,chr5_177415473_T_C,0.91750596201216,0.698302,0.0149639,0.00671474,0.0258458,0.0214289805843317,higher expression -> MORE T2D,F12,0.0019616642620223137,UP in diabetic,True
ENSG00000036448,chr8_2117303_T_G,0.517637006652486,0.549629,0.0133137,0.0066427,0.0450422,0.0242230668323541,higher expression -> MORE T2D,MYOM2,-0.001925054671855829,DOWN in diabetic,False
ENSG00000105329,chr19_41284181_GTTATGGTA_G,0.269898076150164,0.502741,0.0170906,0.0069497,0.0139252,0.0339948402855545,higher expression -> MORE T2D,TGFB1,-0.0009113231173764866,DOWN in diabetic,False
ENSG00000205560,chr22_50570496_G_A,0.207478675780791,-1.09419,0.0270705,0.0134114,0.0435422,-0.0247402187919831,higher expression -> LESS T2D,CPT1B,-0.0008980721060873629,DOWN in diabetic,True
ENSG00000196126,chr6_32591866_G_A,0.0108975358619907,0.303198,-0.0177626,0.00748963,0.0177097,-0.0585841595261182,higher expression -> LESS T2D,HLA-DRB1,-0.0008318740674597971,DOWN in diabetic,True
ENSG00000164307,chr5_96798410_A_G,0.310438494743696,-0.733554,0.0219468,0.00691348,0.00150093,-0.0299184518113185,higher expression -> LESS T2D,ERAP1,-0.0007240400455627591,DOWN in diabetic,True
ENSG00000053900,chr4_25421916_G_T,0.0664409232302605,-0.580228,-0.0124481,0.00599448,0.0378399,0.0214538078134802,higher expression -> MORE T2D,ANAPC4,-0.0006154288515364601,DOWN in diabetic,False
ENSG00000204147,chr10_50756905_C_T,0.949364489881012,-1.05782,-0.013519,0.0061729,0.0285207,0.0127800570985611,higher expression -> MORE T2D,ASAH2B,-0.0006105876905717013,DOWN in diabetic,False
ENSG00000204525,chr6_31268562_T_C,0.244597742426369,-1.13952,0.021643,0.00641062,0.000735174,-0.0189930848076383,higher expression -> LESS T2D,HLA-C,-0.0004828489442063313,DOWN in diabetic,True
ENSG00000041982,chr9_115125846_A_G,0.0795223439597417,-0.634345,-0.0135156,0.00659341,0.0403766,0.0213063869030259,higher expression -> MORE T2D,TNC,-0.0004408712958651005,DOWN in diabetic,False
ENSG00000127663,chr19_5080189_C_T,0.369645818118821,0.450418,-0.0151774,0.00602504,0.0117671,-0.0336962554782446,higher expression -> LESS T2D,KDM4B,-0.00042885237690309887,DOWN in diabetic,True
ENSG00000143156,chr1_169207352_T_C,0.0177415801563675,0.286478,-0.020702,0.00584669,0.000398905,-0.0722638387589972,higher expression -> LESS T2D,NME7,-0.0003858059733566125,DOWN in diabetic,True
ENSG00000204642,chr6_29727936_C_T,0.142535949894803,-0.660156,0.0120688,0.00587094,0.0398126,-0.0182817394676409,higher expression -> LESS T2D,HLA-F,-0.0003481937668664597,DOWN in diabetic,True
ENSG00000204520,chr6_31409151_T_C,0.876909942047768,-0.605778,-0.0156818,0.00596646,0.00858065,0.0258870411272776,higher expression -> MORE T2D,MICA,-0.0003458364499294407,DOWN in diabetic,False
ENSG00000204531,chr6_31212321_C_T,0.0921499338770354,-0.545548,0.0178818,0.00773356,0.0207644,-0.0327776840901258,higher expression -> LESS T2D,POU5F1,-0.0003377744966114918,DOWN in diabetic,True
ENSG00000186716,chr22_23310025_C_T,0.166611053753602,-0.314709,-0.0148107,0.00596721,0.0130641,0.0470615711657435,higher expression -> MORE T2D,BCR,-0.0003282209404388429,DOWN in diabetic,False
ENSG00000171988,chr10_62633886_T_C,0.910255451323668,-0.750728,0.0192258,0.00821468,0.0192624,-0.0256095416715508,higher expression -> LESS T2D,JMJD1C,-0.00032539483544881674,DOWN in diabetic,True
ENSG00000178381,chr7_1157029_C_G,0.125989219777124,-0.496463,0.0146538,0.00608874,0.0160972,-0.0295163990065724,higher expression -> LESS T2D,ZFAND2A,-0.00030263853089554946,DOWN in diabetic,True
ENSG00000183765,chr22_28711207_G_A,0.326753752086051,-0.781343,0.0194763,0.00669796,0.0036399,-0.0249266967260217,higher expression -> LESS T2D,CHEK2,0.0002640913030292402,UP in diabetic,False
ENSG00000116874,chr1_119012523_G_T,0.334695954040557,-0.3732,0.0172236,0.00583729,0.00317147,-0.0461511254019292,higher expression -> LESS T2D,WARS2,0.00026250941252684153,UP in diabetic,False
ENSG00000170802,chr2_48346756_G_C,0.668282026633973,0.709306,0.0320702,0.0106909,0.00270184,0.0452134903694597,higher expression -> MORE T2D,FOXN2,-0.0002593989745695737,DOWN in diabetic,False
ENSG00000169432,chr2_166378911_C_T,0.0600580047908867,-0.52781,-0.0317248,0.00690782,4.37774e-06,0.0601064777097819,higher expression -> MORE T2D,SCN9A,-0.0002462360487187867,DOWN in diabetic,False
ENSG00000109472,chr4_165349860_T_A,0.718035577329955,0.473663,-0.0185162,0.00651649,0.00449107,-0.0390915059863236,higher expression -> LESS T2D,CPE,-0.0002461067758539479,DOWN in diabetic,True
ENSG00000153904,chr1_85330862_A_G,0.0337262759928191,-0.77557,-0.0166076,0.00596952,0.00540145,0.0214134120711218,higher expression -> MORE T2D,DDAH1,0.00022195381639391668,UP in diabetic,True
ENSG00000105426,chr19_5293037_C_T,0.999999201114895,0.51107,-0.0127166,0.00601748,0.0345764,-0.0248823057506799,higher expression -> LESS T2D,PTPRS,0.00021052394369612122,UP in diabetic,False
ENSG00000005421,chr7_95324583_G_A,0.999408088024825,-0.452573,0.0128861,0.00609761,0.0345748,-0.0284729756304507,higher expression -> LESS T2D,PON1,-0.0001976684835479754,DOWN in diabetic,True
ENSG00000147804,chr8_144428718_C_G,0.164498621028571,0.419225,0.0182455,0.00588278,0.00192531,0.0435219750730514,higher expression -> MORE T2D,SLC39A4,-0.00019200980753694016,DOWN in diabetic,False
ENSG00000148935,chr11_22686013_G_A,0.0464526781862594,-0.368466,-0.0135017,0.00633335,0.0330195,0.0366430009824515,higher expression -> MORE T2D,GAS2,0.00016170708508768243,UP in diabetic,True
ENSG00000102362,chrX_100767215_G_T,0.380706333475312,0.509411,0.00959069,0.00478397,0.0449894,0.0188270178696573,higher expression -> MORE T2D,SYTL4,-0.00015725187481488366,DOWN in diabetic,False
ENSG00000161016,chr8_144782783_A_G,0.189956803732846,0.460219,-0.0226187,0.00586433,0.000114792,-0.0491476883831393,higher expression -> LESS T2D,RPL8,0.00013736655235146498,UP in diabetic,False
ENSG00000183087,chr13_113849020_T_C,0.915669034310618,-0.595285,0.0130221,0.00615113,0.0342571,-0.0218754042181476,higher expression -> LESS T2D,GAS6,-9.07494403855611e-05,DOWN in diabetic,True
ENSG00000068354,chrX_48539726_G_A,0.969008235260136,-0.520968,0.0271914,0.00829571,0.00104633,-0.052193992721242,higher expression -> LESS T2D,TBC1D25,7.67562648829807e-05,UP in diabetic,False
ENSG00000134243,chr1_109274968_G_T,0.999215599971967,1.32423,0.0220441,0.00708329,0.00185746,0.0166467305528495,higher expression -> MORE T2D,SORT1,-7.380989623013723e-05,DOWN in diabetic,False
ENSG00000079277,chr1_46574412_G_C,0.0847639826648963,0.407374,-0.0165805,0.0067621,0.0142076,-0.0407009283852185,higher expression -> LESS T2D,MKNK1,-6.995035846217001e-05,DOWN in diabetic,True
ENSG00000152348,chr5_82104445_A_C,0.55337960608692,0.79128,0.0174435,0.00709952,0.0140107,0.02204466181377,higher expression -> MORE T2D,ATG10,-5.9720853028558947e-05,DOWN in diabetic,False
ENSG00000171056,chr8_10729350_G_C,0.870884173151547,0.557265,-0.0183522,0.00595139,0.00204456,-0.0329326263088476,higher expression -> LESS T2D,SOX7,-2.4400339540343406e-05,DOWN in diabetic,True
ENSG00000214944,chr5_73624062_G_A,0.176854522442817,-0.874585,-0.0214458,0.00695978,0.00206039,0.0245211157291744,higher expression -> MORE T2D,ARHGEF28,1.9580514970973964e-05,UP in diabetic,True
ENSG00000136213,chr7_2359850_G_C,0.389230368125904,1.56003,0.0594718,0.0273893,0.0299047,0.0381222155984179,higher expression -> MORE T2D,CHST12,-1.7443348382585718e-05,DOWN in diabetic,False
ENSG00000182362,chr21_46298578_C_T,0.804406115923078,-0.776663,0.0134204,0.00627572,0.0324795,-0.0172795665558936,higher expression -> LESS T2D,YBEY,-1.6790763927729485e-05,DOWN in diabetic,True
ENSG00000031691,chr6_49492265_A_G,0.164744896834122,0.459107,-0.012049,0.00590828,0.0414152,-0.0262444266804906,higher expression -> LESS T2D,CENPQ,1.6316324462016436e-05,UP in diabetic,False
ENSG00000113318,chr5_80654344_C_CTGGCGCGTCCCGCCCAGGT,0.525324728345565,0.428395,-0.0119147,0.00584932,0.0416562,-0.0278124161112991,higher expression -> LESS T2D,MSH3,-1.3195291201502697e-05,DOWN in diabetic,True
ENSG00000114126,chr3_142160128_G_A,0.761618358678522,0.464705,-0.0411618,0.0106167,0.000105711,-0.0885761934991015,higher expression -> LESS T2D,TFDP2,-1.0512804806764567e-05,DOWN in diabetic,True
ENSG00000136874,chr9_100093643_T_G,0.0197289992308363,0.523443,0.0147214,0.00592749,0.0130068,0.0281241701579732,higher expression -> MORE T2D,STX17,8.922823238483576e-06,UP in diabetic,True
ENSG00000182670,chr21_37072590_A_G,0.134638786574782,0.601908,0.0192267,0.00593764,0.00120323,0.0319429215095994,higher expression -> MORE T2D,TTC3,-8.037096184624924e-06,DOWN in diabetic,False
ENSG00000184381,chr22_38149884_G_A,0.0389533237690159,0.667849,-0.0266329,0.0127576,0.0368332,-0.0398786252581047,higher expression -> LESS T2D,PLA2G6,-7.743951632324825e-06,DOWN in diabetic,True
ENSG00000060069,chr18_79707811_C_A,0.447953395675497,-0.557263,0.0132094,0.00611106,0.0306521,-0.0237040679176618,higher expression -> LESS T2D,CTDP1,-5.986820988234914e-06,DOWN in diabetic,True
ENSG00000136875,chr9_113265987_G_A,0.170628629784973,0.917485,0.013604,0.00651627,0.0368256,0.0148274903676899,higher expression -> MORE T2D,PRPF4,0.0,not reached,False
ENSG00000141759,chr18_79979098_T_C,0.0557839906729607,-0.43477,0.0250051,0.00893843,0.00515015,-0.0575133978885387,higher expression -> LESS T2D,TXNL4A,0.0,not reached,False
ENSG00000149089,chr11_34890420_T_G,0.0252745761307218,-0.242732,-0.0161084,0.00596734,0.00694592,0.0663629022955358,higher expression -> MORE T2D,APIP,0.0,not reached,False
