gene_id,gene_name,n_variants,variants,weighted_score,max_abs_score,n_high_conf,direction,is_TF
ENSG00000070031,SCT,1,rs540205414,0.27283923362921114,0.27377311885356903,1,UP in diabetic,False
ENSG00000213445,SIPA1,1,rs2306363,0.05766063243511619,0.06509143610795338,1,UP in diabetic,False
ENSG00000134640,MTNR1B,2,rs10830963;rs12285500,0.04577724138895615,0.04090348879496256,2,UP in diabetic,False
ENSG00000117707,PROX1,1,rs17712208,-0.04363867397662283,0.06528901619215806,1,DOWN in diabetic,True
ENSG00000085185,BCORL1,1,rs180956060,-0.031351696753129404,0.03216254711151123,1,DOWN in diabetic,False
ENSG00000080293,SCTR,1,rs2244214,0.025052057989137434,0.025703152020772297,1,UP in diabetic,False
ENSG00000167895,TMC8,1,rs383603,-0.022186677522733345,0.02219267686208089,1,DOWN in diabetic,False
ENSG00000134256,CD101,1,rs1127215,-0.01975146387428573,0.01989897092183431,1,DOWN in diabetic,False
ENSG00000171703,TCEA2,2,rs35213536;rs6062342,0.018734624075540596,0.04763407756884893,2,UP in diabetic,False
ENSG00000124172,ATP5F1E,1,rs45551238,0.018729109273137253,0.020994508018096287,1,UP in diabetic,False
ENSG00000101076,HNF4A,1,rs191830490,-0.018338530922360534,0.01994267168144385,0,DOWN in diabetic,True
ENSG00000142669,SH3BGRL3,1,rs34824071,0.016674570086775097,0.03486004968484243,1,UP in diabetic,False
ENSG00000221955,SLC12A8,1,rs4679370,-0.01629103346486803,0.052908480167388916,1,DOWN in diabetic,False
ENSG00000101187,SLCO4A1,2,rs34885433;rs6122141,-0.015026954269554093,0.029967188835144043,1,DOWN in diabetic,False
ENSG00000149716,LTO1,1,rs185703700,-0.01432273785273234,0.01432273785273234,1,DOWN in diabetic,False
ENSG00000135100,HNF1A,2,rs56348580;rs80019595,0.014143327284028478,0.008205403884251913,2,UP in diabetic,True
ENSG00000011523,CEP68,2,rs2540949;rs74181299,-0.01413455410196063,0.0414886474609375,1,DOWN in diabetic,False
ENSG00000180815,MAP3K15,1,rs182488212,0.013913966236633487,0.03390397628148397,1,UP in diabetic,False
ENSG00000141434,MEP1B,1,rs1482682068,0.013759106045472664,0.025232712427775066,1,UP in diabetic,False
ENSG00000108405,P2RX1,1,rs1043246,-0.01294410797424219,0.01294618844985962,0,DOWN in diabetic,False
ENSG00000164756,SLC30A8,1,rs11558471,0.010986994396944996,0.011786897977193197,1,UP in diabetic,False
ENSG00000242252,BGLAP,1,rs144847100,0.010530897288330213,0.011635243892669678,1,UP in diabetic,False
ENSG00000188549,CCDC9B,2,rs4924455;rs71472431,-0.00927763270883381,0.02704044183095296,1,DOWN in diabetic,False
ENSG00000177628,GBA1,1,rs12034326,-0.009207272598373733,0.02343472403784593,1,DOWN in diabetic,False
ENSG00000187486,KCNJ11,1,rs4148646,0.009178485581897888,0.016940951347351074,1,UP in diabetic,False
ENSG00000118971,CCND2,1,rs189926680,0.009161347157300893,0.009351203838984171,1,UP in diabetic,False
ENSG00000124780,KCNK17,1,rs34179517,-0.009001363325361422,0.017958919207255047,0,DOWN in diabetic,False
ENSG00000257017,HP,1,rs35254925,0.008854763497216847,0.0089426189661026,1,UP in diabetic,False
ENSG00000058404,CAMK2B,2,rs111242776;rs149725176,0.008186171861026763,0.032176971435546875,2,UP in diabetic,False
ENSG00000117713,ARID1A,1,rs114165349,-0.0077349890261672275,0.01687603195508321,1,DOWN in diabetic,False
ENSG00000145194,ECE2,2,rs843371;rs843372,-0.007489289165727108,0.0110472043355306,2,DOWN in diabetic,False
ENSG00000165066,NKX6-3,2,rs13262861;rs2977852,-0.007458632577404975,0.01445619265238444,1,DOWN in diabetic,True
ENSG00000127870,RNF6,1,rs34584161,0.007215533063101368,0.00881521279613177,1,UP in diabetic,False
ENSG00000112715,VEGFA,1,rs1570360,0.007136073516150794,0.0071713365614414215,1,UP in diabetic,False
ENSG00000186047,DLEU7,2,rs9316500;rs963740,0.006940074096753435,0.02239378293355306,2,UP in diabetic,False
ENSG00000124749,COL21A1,1,rs643246,0.006858454595425896,0.029772748549779255,1,UP in diabetic,False
ENSG00000153814,JAZF1,1,rs10226758,0.006548086802164714,0.006548086802164714,0,UP in diabetic,True
ENSG00000165935,SMCO2,1,rs6487610,-0.006279155521419167,0.006687164306640625,1,DOWN in diabetic,False
ENSG00000122859,NEUROG3,1,rs537982442,-0.006221850713094075,0.006221850713094075,1,DOWN in diabetic,True
ENSG00000175514,GPR152,1,rs199749736,-0.005634044176491308,0.005635420481363933,1,DOWN in diabetic,False
ENSG00000002726,AOC1,3,rs116972354;rs4725960;rs7788808,-0.005317325764124134,0.004232128461201985,1,DOWN in diabetic,False
ENSG00000100565,LRRC74A,1,rs2056857,0.005059951998414525,0.006579796473185222,1,UP in diabetic,False
ENSG00000180176,TH,1,rs10743152,0.004927807263608453,0.014953335126241049,1,UP in diabetic,False
ENSG00000244405,ETV5,1,rs869400,-0.0047300048445684615,0.022688470780849457,1,DOWN in diabetic,True
ENSG00000178222,RNF212,1,rs144654020,-0.0046635573139876185,0.00466616948445638,0,DOWN in diabetic,False
ENSG00000070540,WIPI1,1,rs71378928,-0.004567460462261339,0.014463211099306742,1,DOWN in diabetic,False
ENSG00000129244,ATP1B2,1,rs1050528,0.004214783509571868,0.004214783509572347,0,UP in diabetic,False
ENSG00000285901,ENSG00000285901,1,rs3217791,0.0041754241904919075,0.004175424575805664,1,UP in diabetic,False
ENSG00000130829,DUSP9,1,rs4898364,0.004125278656116827,0.008272296438614527,0,UP in diabetic,False
ENSG00000104081,BMF,1,rs34245505,0.0038176247092136482,0.004172717531522115,1,UP in diabetic,False
ENSG00000168928,CTRB2,1,rs72802342,-0.0038132940436674955,0.0038220485051472983,1,DOWN in diabetic,False
ENSG00000158955,WNT9B,1,rs2165846,0.0037489337220840565,0.003825982411702474,1,UP in diabetic,False
ENSG00000172572,PDE3A,1,rs7488780,0.003561827671574854,0.01123112440109253,1,UP in diabetic,False
ENSG00000169507,SLC38A11,1,rs72886118,-0.0035450185412617763,0.006463368733723958,1,DOWN in diabetic,False
ENSG00000107249,GLIS3,1,rs35338539,0.0035389511323414592,0.006409923235575358,0,UP in diabetic,True
ENSG00000132846,ZBED3,1,rs7732130,-0.0030036769923337528,0.008019477128982544,1,DOWN in diabetic,True
ENSG00000186635,ARAP1,1,rs7109575,-0.002966290123578264,0.007859967648983002,1,DOWN in diabetic,False
ENSG00000171435,KSR2,1,rs7132351,0.002853625951143176,0.00498048464457194,0,UP in diabetic,False
ENSG00000099625,CBARP,3,rs36001015;rs56265137;rs76096449,-0.0028106701540348035,0.01893007755279541,2,DOWN in diabetic,False
ENSG00000120051,CFAP58,1,rs10883996,0.002722162284088183,0.008957703908284506,0,UP in diabetic,False
ENSG00000129757,CDKN1C,1,rs431222,-0.002585679182921722,0.005103847632805507,1,DOWN in diabetic,False
ENSG00000109501,WFS1,1,rs1046317,-0.002459221671871769,0.005840830194453399,1,DOWN in diabetic,False
ENSG00000198670,LPA,1,rs3127570,-0.002407254328329166,0.008251696825027466,1,DOWN in diabetic,False
ENSG00000205864,KRTAP5-6,1,rs2334499,-0.002387350426882372,0.0034751097361246743,1,DOWN in diabetic,False
ENSG00000134758,RNF138,1,rs531385319,0.0022862712237185293,0.005433171521872282,1,UP in diabetic,False
ENSG00000183508,TENT5C,2,rs10923360;rs826403,0.002186333653975926,0.014629835883776346,2,UP in diabetic,False
ENSG00000166228,PCBD1,2,rs827237;rs827241,-0.0021080494857057906,0.01760554313659668,1,DOWN in diabetic,False
ENSG00000250305,TRMT9B,1,rs2947365,-0.002033883316116773,0.005468090375264485,1,DOWN in diabetic,False
ENSG00000134443,GRP,1,rs7243357,-0.0020338268736397086,0.007723132769266765,1,DOWN in diabetic,False
ENSG00000251154,PTTG1IP2,1,rs17862206,0.0019378745936803744,0.0040318965911865234,1,UP in diabetic,False
ENSG00000100344,PNPLA3,1,rs738408,-0.0019103864103335796,0.0078639288743337,1,DOWN in diabetic,False
ENSG00000160999,SH2B2,1,rs187232969,-0.0018395875221924828,0.007560531298319499,1,DOWN in diabetic,False
ENSG00000107831,FGF8,1,rs149987320,-0.0018099953565384713,0.005270997683207194,0,DOWN in diabetic,False
ENSG00000086205,FOLH1,1,rs117109255,-0.0018049915777209912,0.007006168365478516,1,DOWN in diabetic,False
ENSG00000196839,ADA,1,rs56062745,0.0013267125059319108,0.0038409034411112466,1,UP in diabetic,False
ENSG00000168769,TET2,1,rs11729069,0.0013023490236948976,0.006399919589360555,1,UP in diabetic,True
ENSG00000101417,PXMP4,2,rs13042148;rs67611724,-0.0011678747643808335,0.00983455777168274,2,DOWN in diabetic,False
ENSG00000196428,TSC22D2,1,rs62271373,-0.0011320394360362924,0.0011535386244455974,0,DOWN in diabetic,False
ENSG00000166682,TMPRSS5,1,rs118074267,-0.0011291660959115606,0.00138398011525472,0,DOWN in diabetic,False
ENSG00000154783,FGD5,1,rs1687294,0.0011280736384720372,0.004300594329833984,0,UP in diabetic,False
ENSG00000041515,MYO16,1,rs150813880,0.0010120737019330462,0.00493160883585612,1,UP in diabetic,False
ENSG00000205359,SLCO6A1,1,rs145762933,0.000949305164142419,0.0037270387013753257,1,UP in diabetic,False
ENSG00000106633,GCK,1,rs2908290,-0.0009120746783502733,0.004089514414469401,1,DOWN in diabetic,False
ENSG00000219438,TAFA5,1,rs13056230,0.0008932602272461649,0.004406780004501343,1,UP in diabetic,False
ENSG00000130204,TOMM40,1,rs59007384,0.0008218016498792149,0.0025034298499425254,0,UP in diabetic,False
ENSG00000149948,HMGA2,1,rs1460121,0.0008148550987032206,0.0008148550987243652,0,UP in diabetic,True
ENSG00000099860,GADD45B,1,rs11881553,0.000812870243665013,0.0025770962238311768,0,UP in diabetic,False
ENSG00000102837,OLFM4,1,rs9568868,-0.000583867215317792,0.002693998316923777,1,DOWN in diabetic,False
ENSG00000101096,NFATC2,1,rs2235856,-0.00032042999922906457,0.0006388028462727865,0,DOWN in diabetic,True
ENSG00000183734,ASCL2,1,rs11021988,8.434159928493325e-05,0.00025884310404459637,0,UP in diabetic,True
ENSG00000188779,SKOR1,1,rs12050481,-5.4765696872447824e-05,0.0001942316691080729,0,DOWN in diabetic,True
