variant_id,transcription_factor,q_HepG2,q_K562,q_hepatocyte,q_liver,score_HepG2,score_K562,score_hepatocyte,score_liver,hepatic_score,hepatic_q,significant,cells_agree,liver_specific,direction,confidence,rsid,pip,z_within_variant,tf_specific
1_213977102_T_A,PAXIP1,0.99996805,,,,-1.9818706512451172,,,,-1.9818706512451172,0.99996805,True,False,False,DOWN in diabetic,medium,rs17712208,0.668392273643485,-4.106357520704947,True
11_17393643_C_G,STAG1,0.9998919,0.9545266,,,-1.9179096221923828,-0.1564626693725586,,,-1.9179096221923828,0.9998919,True,False,True,DOWN in diabetic,medium,rs4148646,0.5417928068917486,-10.189195462023616,True
10_48454447_A_G,SAP130,0.9998321,,,,1.4586858749389648,,,,1.4586858749389648,0.9998321,True,False,False,UP in diabetic,medium,rs11101326,0.3249353520306431,4.0537270669879355,True
17_37670407_A_C,NR2F6,0.99992293,0.9996461,,,-1.4511804580688477,-1.1541709899902344,,,-1.4511804580688477,0.99992293,True,False,False,DOWN in diabetic,medium,rs3094503,0.996754509518517,-5.163496489087855,True
10_104388528_G_A,CEBPB,0.99888074,0.9988422,,,1.437326431274414,1.1879901885986328,,,1.437326431274414,0.99888074,True,False,False,UP in diabetic,medium,rs10883996,0.3038906300051511,12.178497635982824,True
4_1371847_A_G,CHD2,0.99970126,0.9999056,,,-1.366292953491211,-1.705632209777832,,,-1.366292953491211,0.99970126,True,False,False,DOWN in diabetic,medium,rs115880342,0.3125246735956361,-20.174259652997883,True
1_26695422_G_C,HNF4A,0.999691,,,0.99973917,-1.1924934387207031,,,-1.5181474685668945,-1.3553204536437988,0.99973917,True,True,False,DOWN in diabetic,high,rs114165349,0.458341691148397,-11.365957380578182,True
17_37670407_A_C,RARA,0.9998141,,,,-1.3514432907104492,,,,-1.3514432907104492,0.9998141,True,False,False,DOWN in diabetic,medium,rs3094503,0.996754509518517,-4.4129809451512765,True
1_116990168_C_T,MAFK,0.9993916,0.99566686,,,1.2989444732666016,0.29457759857177734,,,1.2989444732666016,0.9993916,True,False,True,UP in diabetic,medium,rs1127215,0.992587202216235,16.40249307822023,True
1_116990168_C_T,MAFF,0.9993265,0.9977972,,,1.254960060119629,0.4754600524902344,,,1.254960060119629,0.9993265,True,False,True,UP in diabetic,medium,rs1127215,0.992587202216235,15.847668126360887,True
2_120590036_G_C,FOSL2,0.9998203,,,,1.2179441452026367,,,,1.2179441452026367,0.9998203,True,False,False,UP in diabetic,medium,rs11688682,0.999999999999993,9.105499444083042,True
3_53659043_T_C,HNF4A,0.99937063,,,0.99970126,-0.93170166015625,,,-1.4490880966186523,-1.1903948783874512,0.99970126,True,True,False,DOWN in diabetic,high,rs11713811,0.2416190757741077,-9.769262487094986,True
11_17393643_C_G,CTCF,0.99983764,0.99984306,,0.98921835,-2.0324625968933105,-2.047636032104492,,-0.2717294692993164,-1.1520960330963135,0.99983764,True,True,False,DOWN in diabetic,high,rs4148646,0.5417928068917486,-11.322700173410176,True
13_50521959_A_T,CEBPB,0.9981401,0.996215,,,1.1105241775512695,0.5281839370727539,,,1.1105241775512695,0.9981401,True,False,True,UP in diabetic,medium,rs963740,0.3844965208102913,5.586277237410904,True
11_17393643_C_G,RAD21,0.9998321,0.9998919,,0.99895406,-1.1948504447937012,-1.642479419708252,,-0.8929829597473145,-1.0439167022705078,0.9998321,True,True,False,DOWN in diabetic,high,rs4148646,0.5417928068917486,-9.758234931820148,True
10_12239112_G_A,CEBPB,0.9977972,0.99853253,,,-0.9998083114624023,-1.0667815208435059,,,-0.9998083114624023,0.9977972,True,False,False,DOWN in diabetic,medium,rs34428576,0.2827952628362408,-6.734464449815814,True
13_26202862_A_G,MAFF,0.998918,0.99930334,,,0.9990043640136719,0.8396329879760742,,,0.9990043640136719,0.998918,True,False,False,UP in diabetic,medium,rs34584161,0.8185319208933491,6.48610863246612,True
9_22134069_G_A,MAFK,0.998918,0.99304605,,,0.9893169403076172,0.21497488021850586,,,0.9893169403076172,0.998918,True,False,True,UP in diabetic,medium,rs10811660,0.3740876737204379,14.671089165139772,True
13_50521959_A_T,CEBPA,0.99902254,,,,0.9779739379882812,,,,0.9779739379882812,0.99902254,True,False,False,UP in diabetic,medium,rs963740,0.3844965208102913,4.73375233527001,True
4_1065916_G_A,SAP130,0.9992545,,,,-0.9732828140258789,,,,-0.9732828140258789,0.9992545,True,False,False,DOWN in diabetic,medium,rs144654020,0.999440189543594,-4.4290032408116815,True
17_37741165_C_T,CEBPB,0.99711233,0.9976429,,,0.97235107421875,0.8097238540649414,,,0.97235107421875,0.99711233,True,False,False,UP in diabetic,medium,rs7501939,0.475474849079756,13.962429756787756,True
13_50521959_A_T,HLF,0.9993916,,,,0.9656476974487305,,,,0.9656476974487305,0.9993916,True,False,False,UP in diabetic,medium,rs963740,0.3844965208102913,4.6544735120525536,True
10_70887896_G_C,CHD2,0.99984306,0.99996346,,,-0.9618644714355469,-1.493753433227539,,,-0.9618644714355469,0.99984306,True,False,False,DOWN in diabetic,medium,rs827241,0.3341514074848398,-13.732292684800937,True
9_22134069_G_A,MAFF,0.9988422,0.9966939,,,0.9535989761352539,0.37310123443603516,,,0.9535989761352539,0.9988422,True,False,True,UP in diabetic,medium,rs10811660,0.3740876737204379,14.14459335189433,True
13_26202862_A_G,MAFK,0.99876106,0.99908656,,,0.9246597290039062,0.6663904190063477,,,0.9246597290039062,0.99876106,True,False,False,UP in diabetic,medium,rs34584161,0.8185319208933491,5.943584263232604,True
17_37670407_A_C,HNF4A,0.9995515,,,0.99595016,-1.221623420715332,,,-0.5946645736694336,-0.9081439971923828,0.9995515,True,True,False,DOWN in diabetic,high,rs3094503,0.996754509518517,-4.361783888126548,True
20_44394715_G_A,NFIA,0.99937063,,,,-0.8957366943359375,,,,-0.8957366943359375,0.99937063,True,False,False,DOWN in diabetic,medium,rs191830490,0.919562394411982,-6.129233179522136,True
10_112998590_C_T,HLF,0.9984297,,,,0.8909149169921875,,,,0.8909149169921875,0.9984297,True,False,False,UP in diabetic,medium,rs7903146,0.999980996096873,20.129075307521095,True
7_30688836_C_T,RFX3,0.9994864,,,,-0.8862533569335938,,,,-0.8862533569335938,0.9994864,True,False,False,DOWN in diabetic,medium,rs917195,0.9808617680414043,-11.654852336586917,True
13_26202862_A_G,FOSL2,0.9996083,,,,0.8858144283294678,,,,0.8858144283294678,0.9996083,True,False,False,UP in diabetic,medium,rs34584161,0.8185319208933491,7.402772020533059,True
13_50521959_A_T,CEBPG,0.99922884,0.996215,,,0.8826427459716797,0.27417993545532227,,,0.8826427459716797,0.99922884,True,False,True,UP in diabetic,medium,rs963740,0.3844965208102913,4.120609609818298,True
7_140294333_G_A,ATF2,0.9995515,0.9995035,,,0.8522605895996094,1.3212890625,,,0.8522605895996094,0.9995515,True,False,False,UP in diabetic,medium,rs62491836,0.344435682865836,17.38517958780365,True
10_48454447_A_G,FOXA1,0.9998762,,,0.9969102,1.43491792678833,,,0.26512718200683594,0.850022554397583,0.9998762,True,True,False,UP in diabetic,high,rs11101326,0.3249353520306431,5.170949116334685,True
3_63943005_C_A,HNF4A,0.99876106,,,0.99787045,-0.8684782981872559,,,-0.8021926879882812,-0.8353354930877686,0.99876106,True,True,False,DOWN in diabetic,high,rs7621544,0.9342185694119008,-10.989439587657355,True
7_30688836_C_T,RFX1,0.9999787,0.99994123,,,-0.8233404159545898,-1.3159608840942383,,,-0.8233404159545898,0.9999787,True,False,False,DOWN in diabetic,medium,rs917195,0.9808617680414043,-10.799645738172506,True
10_12239112_G_A,CEBPA,0.998482,,,,-0.8026094436645508,,,,-0.8026094436645508,0.998482,True,False,False,DOWN in diabetic,medium,rs34428576,0.2827952628362408,-5.004247585484597,True
1_229537208_G_A,ATF4,0.99837565,0.9997722,,,-0.7988348007202148,-1.1897172927856445,,,-0.7988348007202148,0.99837565,True,False,False,DOWN in diabetic,medium,rs348330,0.973065339147239,-12.86928485971361,True
2_120590036_G_C,TEAD1,0.99943143,0.98921835,,,0.7967853546142578,0.11328697204589844,,,0.7967853546142578,0.99943143,True,False,True,UP in diabetic,medium,rs11688682,0.999999999999993,4.802328309089729,True
13_26202862_A_G,NFE2L2,0.9996083,,,,0.7884120941162109,,,,0.7884120941162109,0.9996083,True,False,False,UP in diabetic,medium,rs34584161,0.8185319208933491,4.949327419180634,True
2_164960909_G_A,MAFK,0.997013,0.97502923,,,0.7790212631225586,0.16149234771728516,,,0.7790212631225586,0.997013,True,False,True,UP in diabetic,medium,rs61457616,0.2305153843544772,15.250158446494181,True
18_32177620_T_G,FOSL2,0.99908656,,,,0.7764811515808105,,,,0.7764811515808105,0.99908656,True,False,False,UP in diabetic,medium,rs1482682068,0.545288426080077,6.006463560416397,True
18_32177620_T_G,FOXA3,0.99876106,0.9941265,,,0.7673397064208984,0.22140884399414062,,,0.7673397064208984,0.99876106,True,False,True,UP in diabetic,medium,rs1482682068,0.545288426080077,4.754912016566092,True
12_4219355_G_A,ZNF121,0.99914634,0.99902254,,,0.7542905807495117,0.6990690231323242,,,0.7542905807495117,0.99914634,True,False,False,UP in diabetic,medium,rs117233107,0.9999999723648264,21.41413260224167,True
10_12239112_G_A,CEBPG,0.99888074,0.9988023,,,-0.7469358444213867,-0.6242218017578125,,,-0.7469358444213867,0.99888074,True,False,False,DOWN in diabetic,medium,rs34428576,0.2827952628362408,-4.515769120145308,True
5_102501658_C_T,MAFF,0.9968039,0.98921835,,,0.7436342239379883,0.3112020492553711,,,0.7436342239379883,0.9968039,True,False,True,UP in diabetic,medium,rs116454070,0.2462813677199597,14.81388136095344,True
2_164960909_G_A,MAFF,0.9968039,0.98540246,,,0.7350931167602539,0.2573080062866211,,,0.7350931167602539,0.9968039,True,False,True,UP in diabetic,medium,rs61457616,0.2305153843544772,14.4085307209199,True
5_102501658_C_T,MAFK,0.9965802,0.98214126,,,0.724365234375,0.21100234985351562,,,0.724365234375,0.9965802,True,False,True,UP in diabetic,medium,rs116454070,0.2462813677199597,14.439034025399188,True
2_120590036_G_C,JUND,0.99930334,0.9976429,,0.9996579,0.6480507850646973,0.42502450942993164,,0.7853279113769531,0.7166893482208252,0.9996579,True,True,False,UP in diabetic,high,rs11688682,0.999999999999993,5.940011294010471,True
16_15137074_G_A,USF1,0.99934894,0.9981401,,,0.716153621673584,0.4580693244934082,,,0.716153621673584,0.99934894,True,False,False,UP in diabetic,medium,rs12449269,0.2121064027169227,15.957546032225858,True
4_1065916_G_A,FOSL2,0.99902254,,,,-0.7097053527832031,,,,-0.7097053527832031,0.99902254,True,False,False,DOWN in diabetic,medium,rs144654020,0.999440189543594,-4.042509432772051,True
10_48454836_C_G,ZNF281,0.9994864,0.9997209,,,0.6748266220092773,1.142258644104004,,,0.6748266220092773,0.9994864,True,False,False,UP in diabetic,medium,rs12356940,0.3155058458685534,15.697685137995293,True
6_56399929_T_C,RBFOX2,0.9995035,0.93466026,,,0.6596765518188477,0.08709383010864258,,,0.6596765518188477,0.9995035,True,False,True,UP in diabetic,medium,rs643246,0.230360142395276,5.231569749659436,True
1_26695422_G_C,HNF4G,0.99953604,,,0.9997209,-0.5462489128112793,,,-0.7574634552001953,-0.6518561840057373,0.9997209,True,True,False,DOWN in diabetic,high,rs114165349,0.458341691148397,-5.945040130058887,True
18_32177620_T_G,FOXA2,0.99963397,,,0.99451023,0.9229493141174316,,,0.37967872619628906,0.6513140201568604,0.99963397,True,True,False,UP in diabetic,high,rs1482682068,0.545288426080077,7.284570219046899,True
18_32177620_T_G,FOXA1,0.9993265,,,0.9888489,1.0348362922668457,,,0.25023651123046875,0.6425364017486572,0.9993265,True,True,False,UP in diabetic,high,rs1482682068,0.545288426080077,8.595447332689018,True
14_76835230_C_G,MAFK,0.99566686,0.9815315,,,-0.6411533355712891,-0.20460033416748047,,,-0.6411533355712891,0.99566686,True,False,True,DOWN in diabetic,medium,rs12890660,0.213174361385601,-13.743687182467053,True
11_49163862_G_A,MAFF,0.99581087,0.99230486,,,0.6316604614257812,0.3927164077758789,,,0.6316604614257812,0.99581087,True,False,False,UP in diabetic,medium,rs58786959,0.3766049215032584,16.09581564520999,True
1_26695422_G_C,NCOR1,0.9992793,0.45522588,,,-0.604100227355957,-0.005574226379394531,,,-0.604100227355957,0.9992793,True,False,True,DOWN in diabetic,medium,rs114165349,0.458341691148397,-4.440533446829732,True
14_76835230_C_G,MAFF,0.9953638,0.9863523,,,-0.6020069122314453,-0.2689962387084961,,,-0.6020069122314453,0.9953638,True,False,True,DOWN in diabetic,medium,rs12890660,0.213174361385601,-12.867130706360179,True
11_49163862_G_A,MAFK,0.9952044,0.99089086,,,0.5956945419311523,0.3289937973022461,,,0.5956945419311523,0.9952044,True,False,False,UP in diabetic,medium,rs58786959,0.3766049215032584,15.18315164713478,True
20_44394715_G_A,FOSL2,0.9977972,,,,-0.5928354263305664,,,,-0.5928354263305664,0.9977972,True,False,False,DOWN in diabetic,medium,rs191830490,0.919562394411982,-4.150742504699708,True
2_120590036_G_C,JUN,0.99920225,0.9969102,,,0.5829677581787109,0.37316226959228516,,,0.5829677581787109,0.99920225,True,False,False,UP in diabetic,medium,rs11688682,0.999999999999993,4.616925274215978,True
5_14768161_G_A,SOX13,0.9992545,,,,0.5781192779541016,,,,0.5781192779541016,0.9992545,True,False,False,UP in diabetic,medium,rs6889788,0.3948922461949309,4.194202880974516,True
1_26695422_G_C,PAXIP1,0.998202,,,,-0.5772638320922852,,,,-0.5772638320922852,0.998202,True,False,False,DOWN in diabetic,medium,rs114165349,0.458341691148397,-4.192754100175541,True
10_104388528_G_A,CEBPA,0.997013,,,,0.5764312744140625,,,,0.5764312744140625,0.997013,True,False,False,UP in diabetic,medium,rs10883996,0.3038906300051511,4.654458884848114,True
6_56399929_T_C,POLR2G,0.99898887,0.9529964,,,0.5629997253417969,0.12289285659790039,,,0.5629997253417969,0.99898887,True,False,True,UP in diabetic,medium,rs643246,0.230360142395276,4.18651555944704,True
7_140294333_G_A,ATF7,0.9994864,0.9980761,,,0.5554146766662598,0.33178234100341797,,,0.5554146766662598,0.9994864,True,False,False,UP in diabetic,medium,rs62491836,0.344435682865836,10.622069214131495,True
10_104388528_G_A,CEBPD,0.99888074,,,,0.5488247871398926,,,,0.5488247871398926,0.99888074,True,False,False,UP in diabetic,medium,rs10883996,0.3038906300051511,4.413184115930747,True
11_72752390_G_A,CEBPB,0.99256027,0.9968039,,,-0.5321712493896484,-0.6260032653808594,,,-0.5321712493896484,0.99256027,True,False,False,DOWN in diabetic,medium,rs7109575,0.377392154274588,-12.918606983339775,True
2_147572850_A_G,ZNF280B,0.9973013,,,,0.5289211273193359,,,,0.5289211273193359,0.9973013,True,False,False,UP in diabetic,medium,rs140897085,0.202968522119921,11.326054808156496,True
20_64064525_C_A,HNF4A,0.9980761,,,0.9963409,0.5582237243652344,,,0.4935140609741211,0.5258688926696777,0.9980761,True,True,False,UP in diabetic,high,rs6062342,0.5033157532957727,6.740110901476815,True
7_74813118_C_T,FOSL2,0.9973013,,,,-0.523040771484375,,,,-0.523040771484375,0.9973013,True,False,False,DOWN in diabetic,medium,rs202209188,0.9736436601174904,-9.47222664610582,True
2_147572850_A_G,NRL,0.99739105,,,,0.5170302391052246,,,,0.5170302391052246,0.99739105,True,False,False,UP in diabetic,medium,rs140897085,0.202968522119921,11.07352914880679,True
8_120860224_A_C,MAFK,0.9968039,0.98385334,,,0.5161409378051758,0.11710071563720703,,,0.5161409378051758,0.9968039,True,False,True,UP in diabetic,medium,rs10955992,0.3387179068739874,13.706477710732056,True
8_120860224_A_C,MAFF,0.9965802,0.9899212,,,0.5002756118774414,0.17849159240722656,,,0.5002756118774414,0.9965802,True,False,True,UP in diabetic,medium,rs10955992,0.3387179068739874,13.271471800163837,True
10_12265895_C_T,FOXA2,0.9990551,,,0.99230486,0.6629695892333984,,,0.3184480667114258,0.4907088279724121,0.9990551,True,True,False,UP in diabetic,high,rs11257655,0.405763021482617,4.3282889478113455,True
11_627276_C_T,SKI,0.99922884,,,,0.48018312454223633,,,,0.48018312454223633,0.99922884,True,False,False,UP in diabetic,medium,rs540205414,0.9965888352068,4.700850887631827,True
22_19961490_C_T,HNF4A,0.996215,,,0.9969102,-0.39740562438964844,,,-0.5437726974487305,-0.47058916091918945,0.9969102,True,True,False,DOWN in diabetic,high,rs165722,0.3606593692205292,-4.576390502983009,True
16_53767042_T_C,ONECUT1,0.99756175,,,,-0.4620819091796875,,,,-0.4620819091796875,0.99756175,True,False,False,DOWN in diabetic,medium,rs1421085,0.3369786408745476,-18.487677234055887,True
8_127699497_G_A,HNF1A,0.997013,,,,-0.45916080474853516,,,,-0.45916080474853516,0.997013,True,False,False,DOWN in diabetic,medium,rs17772814,0.999999421509495,-6.583862310383241,True
11_627276_C_T,TFAP4,0.9965802,0.98807174,,,0.4521644115447998,0.27654266357421875,,,0.4521644115447998,0.9965802,True,False,False,UP in diabetic,medium,rs540205414,0.9965888352068,4.53432231683633,True
9_137477733_C_T,MNT,0.99922884,0.9935001,,,0.44635677337646484,0.1877460479736328,,,0.44635677337646484,0.99922884,True,False,True,UP in diabetic,medium,rs2002003,0.2528538067316215,13.628601115676146,True
20_33720469_C_T,USF1,0.99595016,0.9895757,,,0.44596242904663086,0.3496532440185547,,,0.44596242904663086,0.99595016,True,False,False,UP in diabetic,medium,rs67611724,0.2533406706972417,13.210419700262332,True
8_26015118_A_G,USF1,0.99837565,0.99204075,,,-0.4385795593261719,-0.2751188278198242,,,-0.4385795593261719,0.99837565,True,False,False,DOWN in diabetic,medium,rs17818197,0.363334568989283,-12.60447863764426,True
13_26202862_A_G,JUND,0.998918,0.9986286,,0.9976429,0.4976832866668701,0.5543427467346191,,0.3754568099975586,0.43657004833221436,0.998918,True,True,False,UP in diabetic,high,rs34584161,0.8185319208933491,4.900584016721406,True
11_72752390_G_A,CEBPA,0.9932769,,,,-0.43396472930908203,,,,-0.43396472930908203,0.9932769,True,False,False,DOWN in diabetic,medium,rs7109575,0.377392154274588,-10.456497904181836,True
4_1065916_G_A,ZNF121,0.9973013,0.99934894,,,0.42589664459228516,0.8260354995727539,,,0.42589664459228516,0.9973013,True,False,False,UP in diabetic,medium,rs144654020,0.999440189543594,4.063730471297592,True
7_28174995_A_C,ZNF24,0.9988023,0.99990237,,,-0.41998291015625,-0.637636661529541,,,-0.41998291015625,0.9988023,True,False,False,DOWN in diabetic,medium,rs10226758,1.0,-14.849984578592538,True
X_153635030_C_T,RBFOX2,0.9984297,0.879187,,,0.41491031646728516,0.06377077102661133,,,0.41491031646728516,0.9984297,True,False,True,UP in diabetic,medium,rs4898364,0.498686028327068,6.663417071880689,True
7_30688836_C_T,SAP130,0.9941265,,,,-0.41383838653564453,,,,-0.41383838653564453,0.9941265,True,False,False,DOWN in diabetic,medium,rs917195,0.9808617680414043,-5.233082926555578,True
7_44324927_G_A,ZNF281,0.99831975,0.99888074,,,0.41085338592529297,0.6211910247802734,,,0.41085338592529297,0.99831975,True,False,False,UP in diabetic,medium,rs149725176,0.200183315618767,15.405509282889165,True
7_22821419_A_G,ZNF384,0.9974778,0.99230486,,,0.4063568115234375,0.2816762924194336,,,0.4063568115234375,0.9974778,True,False,False,UP in diabetic,medium,rs4719715,1.0,15.008326679867487,True
5_56565039_G_T,CEBPA,0.9946926,,,,-0.4053049087524414,,,,-0.4053049087524414,0.9946926,True,False,False,DOWN in diabetic,medium,rs3936510,0.5906714080581364,-4.608471441141792,True
X_68415784_G_A,ZNF687,0.997013,,,,-0.4039783477783203,,,,-0.4039783477783203,0.997013,True,False,False,DOWN in diabetic,medium,rs757732263,0.322402410910139,-13.72280986171854,True
11_69674650_C_A,ZFX,0.99304605,0.99451023,,,-0.4015645980834961,-0.3476390838623047,,,-0.4015645980834961,0.99304605,True,False,False,DOWN in diabetic,medium,rs185703700,1.0,-14.211178041834776,True
12_124598129_C_A,ZNF460,0.9980761,,,,-0.39826202392578125,,,,-0.39826202392578125,0.9980761,True,False,False,DOWN in diabetic,medium,rs12423958,0.4181765337661902,-9.328956532260685,True
X_129980808_G_A,RAD51,0.99920225,0.9974778,,,0.39612865447998047,0.28620052337646484,,,0.39612865447998047,0.99920225,True,False,False,UP in diabetic,medium,rs180956060,0.974788988086966,5.048148907700354,True
11_61824164_C_G,USF1,0.99451023,0.986804,,,-0.39215731620788574,-0.311920166015625,,,-0.39215731620788574,0.99451023,True,False,False,DOWN in diabetic,medium,rs174565,0.4802268598681755,-10.193588815589887,True
6_53237163_C_T,ZNF687,0.994869,,,,0.387113094329834,,,,0.387113094329834,0.994869,True,False,False,UP in diabetic,medium,rs139683020,0.8984926690973138,5.642784258299032,True
17_37741165_C_T,CEBPG,0.9932769,0.998202,,,0.3831815719604492,0.4047267436981201,,,0.3831815719604492,0.9932769,True,False,False,UP in diabetic,medium,rs7501939,0.475474849079756,5.623644416918591,True
20_33720469_C_T,RAD51,0.99911696,0.99934894,,,0.3829507827758789,0.5169305801391602,,,0.3829507827758789,0.99911696,True,False,False,UP in diabetic,medium,rs67611724,0.2533406706972417,9.81774351406993,True
5_56565039_G_T,SAP130,0.99581087,,,,-0.38036251068115234,,,,-0.38036251068115234,0.99581087,True,False,False,DOWN in diabetic,medium,rs3936510,0.5906714080581364,-4.2261024783837655,True
11_2837316_C_T,RBFOX2,0.9979413,0.9943216,,,0.3725395202636719,0.24846458435058594,,,0.3725395202636719,0.9979413,True,False,False,UP in diabetic,medium,rs2237897,0.996531188959328,6.3336398544277985,True
17_37741165_C_T,CEBPA,0.991193,,,,0.3712787628173828,,,,0.3712787628173828,0.991193,True,False,False,UP in diabetic,medium,rs7501939,0.475474849079756,5.4551785170289735,True
5_56565039_G_T,SALL1,0.99551785,,,,-0.36764049530029297,,,,-0.36764049530029297,0.99551785,True,False,False,DOWN in diabetic,medium,rs3936510,0.5906714080581364,-4.031072962317692,True
17_68457164_C_G,AGO2,0.99908656,,,,0.36716747283935547,,,,0.36716747283935547,0.99908656,True,False,False,UP in diabetic,medium,rs71378928,0.3157985063552221,4.860984359655626,True
14_29723932_A_G,ZNF280B,0.991193,,,,0.3631014823913574,,,,0.3631014823913574,0.991193,True,False,False,UP in diabetic,medium,rs61978024,0.994368418309765,11.527009149675528,True
4_1782484_C_G,HNF4A,0.9876632,,,0.99304605,-0.2758169174194336,,,-0.44846057891845703,-0.3621387481689453,0.99304605,True,True,False,DOWN in diabetic,high,rs35503308,0.230586000619416,-7.002911370087534,True
10_123659867_G_C,ONECUT1,0.996215,,,,0.3610391616821289,,,,0.3610391616821289,0.996215,True,False,False,UP in diabetic,medium,rs117403816,0.9548297325895118,20.20229750686825,True
1_32929123_T_C,ZNF687,0.9935001,,,,-0.36077117919921875,,,,-0.36077117919921875,0.9935001,True,False,False,DOWN in diabetic,medium,rs72654069,0.3624197689255488,-15.065943494137676,True
1_150712010_T_C,POLR2A,0.99304605,0.44169295,,,-0.3604097366333008,0.006886482238769531,,,-0.3604097366333008,0.99304605,True,False,True,DOWN in diabetic,medium,rs116279971,0.449079657128273,-4.784651619961492,True
7_30688836_C_T,MXI1,0.99230486,0.9980761,,,-0.35552120208740234,-0.6762199401855469,,,-0.35552120208740234,0.99230486,True,False,False,DOWN in diabetic,medium,rs917195,0.9808617680414043,-4.440348710589879,True
11_72752390_G_A,CEBPG,0.99204075,0.9966939,,,-0.34986209869384766,-0.32921695709228516,,,-0.34986209869384766,0.99204075,True,False,False,DOWN in diabetic,medium,rs7109575,0.377392154274588,-8.347983619702969,True
7_30688836_C_T,RFX5,0.9928072,,,,-0.3467893600463867,,,,-0.3467893600463867,0.9928072,True,False,False,DOWN in diabetic,medium,rs917195,0.9808617680414043,-4.321652480313805,True
11_69674650_C_A,ZFY,0.9953638,,,,-0.346435546875,,,,-0.346435546875,0.9953638,True,False,False,DOWN in diabetic,medium,rs185703700,1.0,-12.18697257943856,True
12_117977121_G_A,NR2F6,0.993716,0.99739105,,,0.34472084045410156,0.5646800994873047,,,0.34472084045410156,0.993716,True,False,False,UP in diabetic,medium,rs7132351,0.572961499691249,7.329904758034758,True
7_30688836_C_T,RBM22,0.9935001,,,,-0.3443470001220703,,,,-0.3443470001220703,0.9935001,True,False,False,DOWN in diabetic,medium,rs917195,0.9808617680414043,-4.2884522787261,True
2_155728971_G_A,NRL,0.9941265,,,,-0.3433809280395508,,,,-0.3433809280395508,0.9941265,True,False,False,DOWN in diabetic,medium,rs145861146,0.8172083402889977,-11.186960610996532,True
17_68457164_C_G,ZNF281,0.9939247,0.9981401,,,-0.3395061492919922,-0.46166038513183594,,,-0.3395061492919922,0.9939247,True,False,False,DOWN in diabetic,medium,rs71378928,0.3157985063552221,-7.662072326176395,True
1_150712010_T_C,CEBPD,0.99230486,,,,-0.33655452728271484,,,,-0.33655452728271484,0.99230486,True,False,False,DOWN in diabetic,medium,rs116279971,0.449079657128273,-4.449178821380607,True
1_150712010_T_C,ETV5,0.99304605,0.98273104,,,-0.33653688430786133,-0.22313499450683594,,,-0.33653688430786133,0.99304605,True,False,False,DOWN in diabetic,medium,rs116279971,0.449079657128273,-4.448930710451777,True
11_9936931_T_C,CEBPB,0.9914851,0.9888489,,,-0.33640575408935547,-0.22791361808776855,,,-0.33640575408935547,0.9914851,True,False,False,DOWN in diabetic,medium,rs11042557,0.9936081429436447,-14.234027786502955,True
7_140294333_G_A,JUN,0.99876106,0.9766461,,,0.3324923515319824,0.09809303283691406,,,0.3324923515319824,0.99876106,True,False,True,UP in diabetic,medium,rs62491836,0.344435682865836,6.324767755704367,True
12_4246442_C_T,ZNF687,0.99256027,,,,0.33086729049682617,,,,0.33086729049682617,0.99256027,True,False,False,UP in diabetic,medium,rs189926680,0.9796970866048512,5.275034879694231,True
10_104388528_G_A,FOSL2,0.99800986,,,,0.3298826217651367,,,,0.3298826217651367,0.99800986,True,False,False,UP in diabetic,medium,rs10883996,0.3038906300051511,4.511511033589204,True
10_61965028_C_T,ZNF574,0.99581087,,,,0.32943058013916016,,,,0.32943058013916016,0.99581087,True,False,False,UP in diabetic,medium,rs76804656,0.3177300126693277,4.980709477036266,True
2_155728971_G_A,ZNF280B,0.991193,,,,-0.32790184020996094,,,,-0.32790184020996094,0.991193,True,False,False,DOWN in diabetic,medium,rs145861146,0.8172083402889977,-10.685254254612497,True
1_150712010_T_C,ZNF697,0.9935001,,,,-0.32613372802734375,,,,-0.32613372802734375,0.9935001,True,False,False,DOWN in diabetic,medium,rs116279971,0.449079657128273,-4.302632436552377,True
6_56399929_T_C,SYNCRIP,0.99304605,,,,-0.3228263854980469,,,,-0.3228263854980469,0.99304605,True,False,False,DOWN in diabetic,medium,rs643246,0.230360142395276,-5.389060332594485,True
7_3829893_C_G,ZNF687,0.9914851,,,,-0.3221931457519531,,,,-0.3221931457519531,0.9914851,True,False,False,DOWN in diabetic,medium,rs73310049,0.2006035211950073,-13.37031421126545,True
10_61965028_C_T,ZBTB38,0.9965802,,,,0.31684303283691406,,,,0.31684303283691406,0.9965802,True,False,False,UP in diabetic,medium,rs76804656,0.3177300126693277,4.754400879881796,True
12_117977121_G_A,ZNF460,0.9965802,,,,-0.31605052947998047,,,,-0.31605052947998047,0.9965802,True,False,False,DOWN in diabetic,medium,rs7132351,0.572961499691249,-8.890654931625713,True
9_133735079_T_C,HNRNPL,0.99304605,0.991193,,,-0.31321144104003906,-0.2634105682373047,,,-0.31321144104003906,0.99304605,True,False,False,DOWN in diabetic,medium,rs493901,0.3138017407603969,-17.785006271558622,True
20_44627796_G_A,MNT,0.99858135,0.9963409,,,0.31210899353027344,0.19609642028808594,,,0.31210899353027344,0.99858135,True,False,False,UP in diabetic,medium,rs56062745,0.3454167818257018,6.681142469676852,True
11_61824164_C_G,BHLHE40,0.9905784,0.9950395,,,-0.3108367919921875,-0.4810342788696289,,,-0.3108367919921875,0.9905784,True,False,False,DOWN in diabetic,medium,rs174565,0.4802268598681755,-7.395510042638975,True
9_134284486_G_A,HNRNPL,0.9977213,0.9963409,,,0.30847835540771484,0.23104381561279297,,,0.30847835540771484,0.9977213,True,False,False,UP in diabetic,medium,rs72619339,0.8358487758723486,14.582378536416842,True
12_4275503_C_T,EGR1,0.9914851,0.9997643,,0.9888489,-0.3603649139404297,-0.6896295547485352,,-0.24721813201904297,-0.30379152297973633,0.9914851,True,True,False,DOWN in diabetic,high,rs3217791,0.9999999077186644,-7.789299475003091,True
10_61965028_C_T,NFAT5,0.9950395,,,,0.3013949394226074,,,,0.3013949394226074,0.9950395,True,False,False,UP in diabetic,medium,rs76804656,0.3177300126693277,4.476663186798483,True
18_55402937_C_T,HIVEP1,0.99451023,,,,-0.3003726005554199,,,,-0.3003726005554199,0.99451023,True,False,False,DOWN in diabetic,medium,rs72926954,0.2015837817754498,-6.467034411293008,True
3_63943005_C_A,HNF4G,0.994869,,,0.9905784,-0.32029151916503906,,,-0.27915382385253906,-0.29972267150878906,0.994869,True,True,False,DOWN in diabetic,high,rs7621544,0.9342185694119008,-4.598128170129026,True
1_200320832_T_G,POLR2AphosphoS2,0.9914851,0.9639548,,,-0.2978792190551758,-0.1052088737487793,,,-0.2978792190551758,0.9914851,True,False,True,DOWN in diabetic,medium,rs371745557,0.2582860333391119,-6.069324190405368,True
3_25070680_C_T,TEAD4,0.99204075,0.9639548,,,0.2976384162902832,0.13413572311401367,,,0.2976384162902832,0.99204075,True,False,True,UP in diabetic,medium,rs993804,0.4896645654758528,11.172531046289015,True
10_48454836_C_G,AGO2,0.9935001,,,,-0.2970113754272461,,,,-0.2970113754272461,0.9935001,True,False,False,DOWN in diabetic,medium,rs12356940,0.3155058458685534,-4.485570682787389,True
2_59842804_C_T,ZNF891,0.9935001,,,,0.2950272560119629,,,,0.2950272560119629,0.9935001,True,False,False,UP in diabetic,medium,rs12328584,0.3163172086895956,7.47656580018265,True
1_26085956_A_T,HNF4A,0.9914851,,,0.9932769,0.2415456771850586,,,0.34395408630371094,0.29274988174438477,0.9932769,True,True,False,UP in diabetic,high,rs116518269,1.0,6.730879549890571,True
11_49549478_C_T,NFAT5,0.99451023,,,,-0.29262638092041016,,,,-0.29262638092041016,0.99451023,True,False,False,DOWN in diabetic,medium,rs11040422,1.0,-5.083821574119074,True
8_127699497_G_A,ARID3A,0.99089086,0.5440255,,,-0.2917304039001465,-0.010646820068359375,,,-0.2917304039001465,0.99089086,True,False,True,DOWN in diabetic,medium,rs17772814,0.999999421509495,-4.566318636335045,True
1_39515213_G_A,HNF4A,0.9639548,,,0.99304605,0.1262500286102295,,,0.4525127410888672,0.28938138484954834,0.99304605,True,True,False,UP in diabetic,high,rs548352792,0.9999999988751116,4.162276918284513,True
7_74813118_C_T,JUND,0.99756175,0.9963409,,0.97048765,-0.4371378421783447,-0.5123767852783203,,-0.14020681381225586,-0.2886723279953003,0.99756175,True,True,False,DOWN in diabetic,high,rs202209188,0.9736436601174904,-11.827044967685614,True
11_2837316_C_T,POLR2G,0.99551785,0.993716,,,0.28723907470703125,0.24002361297607422,,,0.28723907470703125,0.99551785,True,False,False,UP in diabetic,medium,rs2237897,0.996531188959328,4.465450237231273,True
1_200320832_T_G,CHD2,0.9905784,0.9497837,,,-0.2871828079223633,-0.0869607925415039,,,-0.2871828079223633,0.9905784,True,False,True,DOWN in diabetic,medium,rs371745557,0.2582860333391119,-5.854789605334753,True
2_59842804_C_T,HIVEP1,0.9932769,,,,0.2840700149536133,,,,0.2840700149536133,0.9932769,True,False,False,UP in diabetic,medium,rs12328584,0.3163172086895956,7.195912298675035,True
20_33720469_C_T,USF2,0.9905784,0.9974778,,,0.2804908752441406,0.5038871765136719,,,0.2804908752441406,0.9905784,True,False,False,UP in diabetic,medium,rs67611724,0.2533406706972417,7.555568226971245,True
10_70888579_C_T,NRF1,0.9939247,0.9986743,,,0.2786269187927246,0.38689613342285156,,,0.2786269187927246,0.9939247,True,False,False,UP in diabetic,medium,rs827237,0.3331480731422078,11.285472846168643,True
X_129980808_G_A,ZBTB40,0.99943143,0.9946926,,,0.2784292697906494,0.10907649993896484,,,0.2784292697906494,0.99943143,True,False,True,UP in diabetic,medium,rs180956060,0.974788988086966,5.274526264608226,True
X_129980808_G_A,ATF2,0.9972084,0.99551785,,,0.2782149314880371,0.3042469024658203,,,0.2782149314880371,0.9972084,True,False,False,UP in diabetic,medium,rs180956060,0.974788988086966,4.999644132622675,True
11_49549478_C_T,HNF1B,0.99256027,,,,-0.27710962295532227,,,,-0.27710962295532227,0.99256027,True,False,False,DOWN in diabetic,medium,rs11040422,1.0,-4.780374000499115,True
10_61965028_C_T,FOSL2,0.99566686,,,,0.27618837356567383,,,,0.27618837356567383,0.99566686,True,False,False,UP in diabetic,medium,rs76804656,0.3177300126693277,6.3091730051465955,True
18_55402937_C_T,ZNF501,0.9943216,,,,-0.2753739356994629,,,,-0.2753739356994629,0.9943216,True,False,False,DOWN in diabetic,medium,rs72926954,0.2015837817754498,-5.908711966881493,True
17_3924792_C_G,NR2F6,0.9960848,0.9965802,,,-0.2748751640319824,-0.32289886474609375,,,-0.2748751640319824,0.9960848,True,False,False,DOWN in diabetic,medium,rs1043246,0.9998392982131006,-7.956470368818017,True
11_49549478_C_T,ZNF574,0.99204075,,,,-0.2746400833129883,,,,-0.2746400833129883,0.99204075,True,False,False,DOWN in diabetic,medium,rs11040422,1.0,-4.732079388047814,True
13_71833709_C_T,NFAT5,0.99304605,,,,0.27362966537475586,,,,0.27362966537475586,0.99304605,True,False,False,UP in diabetic,medium,rs79712459,0.999857942023743,5.449425102569722,True
11_2837316_C_T,SAP130,0.99256027,,,,0.2727336883544922,,,,0.2727336883544922,0.99256027,True,False,False,UP in diabetic,medium,rs2237897,0.996531188959328,4.147763594442946,True
11_49549478_C_T,MTERF4,0.9935001,,,,-0.27043962478637695,,,,-0.27043962478637695,0.9935001,True,False,False,DOWN in diabetic,medium,rs11040422,1.0,-4.649934718983611,True
15_40104990_C_G,NFIA,0.9902553,,,,0.2692241668701172,,,,0.2692241668701172,0.9902553,True,False,False,UP in diabetic,medium,rs34245505,0.9149013036166538,9.59157964476039,True
12_47381477_T_C,ZNF384,0.9932769,0.9905784,,,-0.2679862976074219,-0.2562417984008789,,,-0.2679862976074219,0.9932769,True,False,False,DOWN in diabetic,medium,rs569804202,1.0,-7.766647191638135,True
20_33710480_C_T,HNF4A,0.99304605,,,0.9741798,0.3292214870452881,,,0.19499778747558594,0.262109637260437,0.99304605,True,True,False,UP in diabetic,high,rs13042148,0.2381042784100863,7.526182144342716,True
6_7231953_T_C,ELF1,0.9977213,0.99826187,,,-0.2615642547607422,-0.19003836313883463,,,-0.2615642547607422,0.9977213,True,False,False,DOWN in diabetic,medium,rs9505086,0.915562615446654,-11.950524801784447,True
20_44627796_G_A,HNF4A,0.99204075,,,0.9899212,0.2467947006225586,,,0.26535511016845703,0.2560749053955078,0.99204075,True,True,False,UP in diabetic,high,rs56062745,0.3454167818257018,5.87930019552337,True
10_92479612_T_A,ZNF865,0.99581087,,,,0.25520896911621094,,,,0.25520896911621094,0.99581087,True,False,False,UP in diabetic,medium,rs188775221,1.0,14.124904266457134,True
18_55402937_C_T,ZNF572,0.99089086,,,,-0.2538456916809082,,,,-0.2538456916809082,0.99089086,True,False,False,DOWN in diabetic,medium,rs72926954,0.2015837817754498,-5.427898215683786,True
1_155244682_A_G,NFYB,0.99739105,,,,-0.25205516815185547,,,,-0.25205516815185547,0.99739105,True,False,False,DOWN in diabetic,medium,rs12034326,0.3928901651883948,-8.65756847904195,True
20_44627796_G_A,RARA,0.99256027,,,,0.2519187927246094,,,,0.2519187927246094,0.99256027,True,False,False,UP in diabetic,medium,rs56062745,0.3454167818257018,5.225398789694028,True
11_49549478_C_T,ZNF276,0.99204075,,,,-0.2487797737121582,,,,-0.2487797737121582,0.99204075,True,False,False,DOWN in diabetic,medium,rs11040422,1.0,-4.22635208218348,True
16_15137074_G_A,USF2,0.9964625,0.99937063,,,0.2474675178527832,0.6316452026367188,,,0.2474675178527832,0.9964625,True,False,False,UP in diabetic,medium,rs12449269,0.2121064027169227,5.263809926277043,True
20_63813456_A_T,ZNF384,0.99230486,0.9939247,,,0.2474374771118164,0.31427955627441406,,,0.2474374771118164,0.99230486,True,False,False,UP in diabetic,medium,rs59295094,0.3845924344880845,10.9758751367329,True
X_129980808_G_A,ATF7,0.9974778,0.993716,,,0.24648594856262207,0.22815990447998047,,,0.24648594856262207,0.9974778,True,False,False,UP in diabetic,medium,rs180956060,0.974788988086966,4.219272552487982,True
2_59842804_C_T,ZNF501,0.9917676,,,,0.24422550201416016,,,,0.24422550201416016,0.9917676,True,False,False,UP in diabetic,medium,rs12328584,0.3163172086895956,6.175354111374617,True
15_61996896_C_T,ZNF865,0.99551785,,,,0.24302387237548828,,,,0.24302387237548828,0.99551785,True,False,False,UP in diabetic,medium,rs28610280,0.9999999968426502,8.08736310014465,True
20_58831704_C_T,ZNF24,0.99831975,0.99989897,,,-0.24218082427978516,-0.5545001029968262,,,-0.24218082427978516,0.99831975,True,False,False,DOWN in diabetic,medium,rs4812035,0.3077661888033408,-15.939224773695301,True
7_140292754_C_T,HNF4A,0.9941265,,,0.9809011,0.30936574935913086,,,0.1658005714416504,0.23758316040039062,0.9941265,True,True,False,UP in diabetic,high,rs4726753,0.392031273268092,6.389282941786167,True
7_74813118_C_T,JUN,0.9935001,0.9833016,,,-0.23747718334197998,-0.22483396530151367,,,-0.23747718334197998,0.9935001,True,False,False,DOWN in diabetic,medium,rs202209188,0.9736436601174904,-6.415765405618243,True
7_22821419_A_G,ZNF362,0.9932769,,,,0.2339191436767578,,,,0.2339191436767578,0.9932769,True,False,False,UP in diabetic,medium,rs4719715,1.0,9.036543604861249,True
20_44627796_G_A,SAP130,0.9905784,,,,0.23385047912597656,,,,0.23385047912597656,0.9905784,True,False,False,UP in diabetic,medium,rs56062745,0.3454167818257018,4.788403515096402,True
20_44627796_G_A,USF1,0.994869,0.9694861,,,0.23371267318725586,0.1697540283203125,,,0.23371267318725586,0.994869,True,False,False,UP in diabetic,medium,rs56062745,0.3454167818257018,5.113670450722694,True
20_62642365_G_C,NFYB,0.9902553,,,,-0.22975444793701172,,,,-0.22975444793701172,0.9902553,True,False,False,DOWN in diabetic,medium,rs6122141,0.2166463632451102,-5.450613611234316,True
18_55402937_C_T,ZNF527,0.991193,,,,-0.2296452522277832,,,,-0.2296452522277832,0.991193,True,False,False,DOWN in diabetic,medium,rs72926954,0.2015837817754498,-4.887403409694904,True
10_70887896_G_C,NONO,0.99831975,0.9858853,,,-0.22902870178222656,-0.09015846252441406,,,-0.22902870178222656,0.99831975,True,False,True,DOWN in diabetic,medium,rs827241,0.3341514074848398,-4.274544083198056,True
20_63813456_A_T,ZNF362,0.9928072,,,,0.22802734375,,,,0.22802734375,0.9928072,True,False,False,UP in diabetic,medium,rs59295094,0.3845924344880845,10.141438694167178,True
10_48152960_G_A,ZNF768,0.99581087,,,,-0.22687864303588867,,,,-0.22687864303588867,0.99581087,True,False,False,DOWN in diabetic,medium,rs80138496,0.2085734870270671,-7.831901909148115,True
1_155244682_A_G,NFYC,0.9964625,,,,-0.22624874114990234,,,,-0.22624874114990234,0.9964625,True,False,False,DOWN in diabetic,medium,rs12034326,0.3928901651883948,-7.716244841088764,True
18_73179413_T_C,RAD51,0.9965802,0.9960848,,,0.22393798828125,0.23894691467285156,,,0.22393798828125,0.9965802,True,False,False,UP in diabetic,medium,rs1559581,0.5559824531577077,10.231407068331688,True
X_129980808_G_A,ZNF281,0.9943216,0.9964625,,,-0.21955394744873047,-0.3286886215209961,,,-0.21955394744873047,0.9943216,True,False,False,DOWN in diabetic,medium,rs180956060,0.974788988086966,-6.981892483924373,True
5_56512010_T_C,FOXA2,0.99566686,,,0.9694861,0.3079066276550293,,,0.12933063507080078,0.21861863136291504,0.99566686,True,True,False,UP in diabetic,high,rs458741,0.2004745387023006,9.969532977256247,True
8_127699497_G_A,SOX13,0.99230486,,,,-0.2158060073852539,,,,-0.2158060073852539,0.99230486,True,False,False,DOWN in diabetic,medium,rs17772814,0.999999421509495,-4.3457489201657795,True
1_201727924_T_C,TEAD4,0.9939247,0.9788794,,,0.21254539489746094,0.11935806274414062,,,0.21254539489746094,0.9939247,True,False,False,UP in diabetic,medium,rs239991,0.2043966379945792,9.191432521209551,True
10_112998197_C_G,ZNF770,0.9914851,,,,0.20775794982910156,,,,0.20775794982910156,0.9914851,True,False,False,UP in diabetic,medium,rs78025551,0.9979972867632184,7.220890468561246,True
X_129980808_G_A,FOXA2,0.99566686,,,0.9673817,0.2903435230255127,,,0.12247514724731445,0.20640933513641357,0.99566686,True,True,False,UP in diabetic,high,rs180956060,0.974788988086966,4.890121729426723,True
5_56512010_T_C,FOXA1,0.99089086,,,0.9497837,0.32979917526245117,,,0.08256340026855469,0.20618128776550293,0.99089086,True,True,False,UP in diabetic,high,rs458741,0.2004745387023006,10.603019841718112,True
12_4246442_C_T,FOXA1,0.99551785,,,0.94270426,0.3678889274597168,,,0.040470123291015625,0.2041795253753662,0.99551785,True,True,False,UP in diabetic,high,rs189926680,0.9796970866048512,7.823311124654061,True
1_201727924_T_C,TEAD1,0.99089086,0.9601752,,,0.2032604217529297,0.048209190368652344,,,0.2032604217529297,0.99089086,True,False,True,UP in diabetic,medium,rs239991,0.2043966379945792,8.760863288610308,True
10_48152994_G_A,ZNF768,0.9943216,,,,-0.2029285430908203,,,,-0.2029285430908203,0.9943216,True,False,False,DOWN in diabetic,medium,rs2564790,0.2101647220910218,-6.86606263387312,True
1_155244682_A_G,PBX2,0.99551785,0.9950395,,,-0.2019329071044922,-0.24188899993896484,,,-0.2019329071044922,0.99551785,True,False,False,DOWN in diabetic,medium,rs12034326,0.3928901651883948,-6.829292557389858,True
12_124372072_A_G,CTCF,0.9932769,0.99089086,,0.8902224,0.3557901382446289,0.3404970169067383,,0.04706859588623047,0.2014293670654297,0.9932769,True,True,False,UP in diabetic,high,rs7961196,0.2408961758202456,12.91491905529765,True
20_62642608_G_A,CREB1,0.99581087,0.93466026,,,-0.20125842094421387,-0.07142400741577148,,,-0.20125842094421387,0.99581087,True,False,True,DOWN in diabetic,medium,rs34885433,0.3620168250909925,-15.333378647719872,True
12_108236003_G_A,HNF4A,0.9941265,,,0.9614764,0.30890512466430664,,,0.09136486053466797,0.2001349925994873,0.9941265,True,True,False,UP in diabetic,high,rs1426371,0.3538099318126309,7.268541425326504,True
17_3924792_C_G,PPARG,0.99256027,,,,-0.19744586944580078,,,,-0.19744586944580078,0.99256027,True,False,False,DOWN in diabetic,medium,rs1043246,0.9998392982131006,-4.52163720322666,True
3_14852856_C_G,CTCF,0.991193,0.9863523,,0.9529964,-0.3076968193054199,-0.2600831985473633,,-0.08711814880371094,-0.19740748405456543,0.991193,True,True,False,DOWN in diabetic,high,rs1689530,0.2610586842566731,-12.401016039214147,True
20_44627796_G_A,NR2F6,0.991193,0.9788794,,,0.1970534324645996,0.10654163360595703,,,0.1970534324645996,0.991193,True,False,False,UP in diabetic,medium,rs56062745,0.3454167818257018,4.1801944791064924,True
12_20426458_G_C,CREB1,0.9969102,0.9833016,,,0.19604158401489258,0.09786224365234375,,,0.19604158401489258,0.9969102,True,False,True,UP in diabetic,medium,rs7488780,0.3171390098063886,12.488155319670888,True
11_61824164_C_G,RAD51,0.9952044,0.9976429,,,-0.1953716278076172,-0.2987060546875,,,-0.1953716278076172,0.9952044,True,False,False,DOWN in diabetic,medium,rs174565,0.4802268598681755,-4.3636852236961765,True
20_33710480_C_T,SP1,0.998202,0.9995515,,0.93881017,-0.3183012008666992,-0.3070344924926758,,-0.06972885131835938,-0.1940150260925293,0.998202,True,True,False,DOWN in diabetic,high,rs13042148,0.2381042784100863,-8.006964074179738,True
7_28156794_G_A,CREB1,0.99711233,0.9588311,,,0.19366073608398438,0.05721235275268555,,,0.19366073608398438,0.99711233,True,False,True,UP in diabetic,medium,rs849135,0.275418601474433,14.744958395662664,True
6_7231953_T_C,ELF3,0.99089086,,,,-0.19330215454101562,,,,-0.19330215454101562,0.99089086,True,False,False,DOWN in diabetic,medium,rs9505086,0.915562615446654,-6.075028150111939,True
7_102763061_G_A,POLR2A,0.9902553,0.29581574,,,-0.19148874282836914,0.0053539276123046875,,,-0.19148874282836914,0.9902553,True,False,True,DOWN in diabetic,medium,rs62484877,0.9375533665880722,-4.524752174337153,True
8_26015118_A_G,MNT,0.99581087,0.9560082,,,-0.19097042083740234,-0.04518890380859375,,,-0.19097042083740234,0.99581087,True,False,True,DOWN in diabetic,medium,rs17818197,0.363334568989283,-4.685254541961666,True
X_68415784_G_A,ZNF768,0.99304605,,,,-0.19063854217529297,,,,-0.19063854217529297,0.99304605,True,False,False,DOWN in diabetic,medium,rs757732263,0.322402410910139,-6.591340410230206,True
7_140294333_G_A,JUND,0.998482,0.993716,,0.90346414,0.3462824821472168,0.2344660758972168,,0.02922534942626953,0.18775391578674316,0.998482,True,True,False,UP in diabetic,high,rs62491836,0.344435682865836,6.739203723219113,True
4_105143597_C_T,PBX2,0.994869,0.9986286,,,-0.18750667572021484,-0.4432668685913086,,,-0.18750667572021484,0.994869,True,False,False,DOWN in diabetic,medium,rs17035310,0.4628737869644068,-9.011635754441595,True
1_155244682_A_G,SP2,0.9943216,,,,-0.18532848358154297,,,,-0.18532848358154297,0.9943216,True,False,False,DOWN in diabetic,medium,rs12034326,0.3928901651883948,-6.223624195955899,True
4_184805394_C_T,ZNF865,0.99230486,,,,-0.1819171905517578,,,,-0.1819171905517578,0.99230486,True,False,False,DOWN in diabetic,medium,rs4862423,0.432306981066935,-8.995260459166007,True
X_153635030_C_T,NONO,0.99739105,0.016938813,,,0.17803096771240234,0.0,,,0.17803096771240234,0.99739105,True,False,True,UP in diabetic,medium,rs4898364,0.498686028327068,4.203516112567457,True
1_155244682_A_G,NFYA,0.9941265,0.9952044,,,-0.1773843765258789,-0.20791339874267578,,,-0.1773843765258789,0.9941265,True,False,False,DOWN in diabetic,medium,rs12034326,0.3928901651883948,-5.933852359143259,True
3_65618694_C_T,ZNF768,0.991193,,,,-0.17737102508544922,,,,-0.17737102508544922,0.991193,True,False,False,DOWN in diabetic,medium,rs74560126,0.401878561037755,-6.219945668699921,True
7_3829893_C_G,ZNF768,0.99089086,,,,-0.17569828033447266,,,,-0.17569828033447266,0.99089086,True,False,False,DOWN in diabetic,medium,rs73310049,0.2006035211950073,-7.0225245765669575,True
1_213977478_G_C,HNRNPL,0.99230486,0.9733019,,,-0.17418575286865234,-0.07155323028564453,,,-0.17418575286865234,0.99230486,True,False,True,DOWN in diabetic,medium,rs79687284,0.4173003032409448,-10.87534305545444,True
7_44322946_C_T,HNRNPL,0.99204075,0.9902553,,,0.17336273193359375,0.14144420623779297,,,0.17336273193359375,0.99204075,True,False,False,UP in diabetic,medium,rs11772021,0.240151424588146,11.362995712922368,True
1_151045515_T_C,ZBTB33,0.99204075,0.99973917,,0.49457133,-0.3341827392578125,-0.5522027015686035,,-0.0113067626953125,-0.1727447509765625,0.99204075,True,True,False,DOWN in diabetic,high,rs145904381,0.3281816959495956,-13.808933595783818,True
20_44627796_G_A,MAX,0.9946926,0.9963409,,0.9781595,0.25085973739624023,0.38597774505615234,,0.09223651885986328,0.17154812812805176,0.9946926,True,True,False,UP in diabetic,high,rs56062745,0.3454167818257018,6.816697269044014,True
12_4246442_C_T,FOXA2,0.9939247,,,0.9673817,0.2761821746826172,,,0.06651496887207031,0.17134857177734375,0.9939247,True,True,False,UP in diabetic,high,rs189926680,0.9796970866048512,4.405574208950765,True
4_45179317_A_T,CREB1,0.99581087,0.9601752,,,-0.16959762573242188,-0.05796527862548828,,,-0.16959762573242188,0.99581087,True,False,True,DOWN in diabetic,medium,rs12507026,0.2954399626160436,-12.337931310702437,True
7_98260985_C_A,AGO2,0.993716,,,,-0.16461563110351562,,,,-0.16461563110351562,0.993716,True,False,False,DOWN in diabetic,medium,rs7795059,1.0,-7.5017324655220845,True
11_2670270_G_A,RFX1,0.9902553,0.99980104,,,0.1634979248046875,0.6647357940673828,,,0.1634979248046875,0.9902553,True,False,False,UP in diabetic,medium,rs231361,0.9999878482174662,13.635854744633393,True
11_49789739_C_G,CREB1,0.9941265,0.92792165,,,0.16034388542175293,0.06287956237792969,,,0.16034388542175293,0.9941265,True,False,True,UP in diabetic,medium,rs150103576,0.202806222643289,13.001889239926403,True
5_77139179_G_A,RFX1,0.9968039,0.9995515,,,0.15937137603759766,0.4586009979248047,,,0.15937137603759766,0.9968039,True,False,False,UP in diabetic,medium,rs7732130,0.374547734724301,5.514439865776147,True
1_49687782_T_A,NR2F1,0.9941265,0.96845114,,,-0.15811729431152344,-0.08349227905273438,,,-0.15811729431152344,0.9941265,True,False,False,DOWN in diabetic,medium,rs569510541,0.213719762512819,-4.710214581220389,True
11_2835428_C_G,ZNF865,0.9902553,,,,-0.15785980224609375,,,,-0.15785980224609375,0.9902553,True,False,False,DOWN in diabetic,medium,rs4930011,0.234930322616078,-8.236834633170014,True
1_200320832_T_G,MAZ,0.9914851,0.9302391,,,-0.1566143035888672,-0.027713537216186523,,,-0.1566143035888672,0.9914851,True,False,True,DOWN in diabetic,medium,rs371745557,0.2582860333391119,-6.3771820850836445,True
1_200320832_T_G,JUN,0.9902553,0.9205166,,,-0.15477418899536133,-0.06652116775512695,,,-0.15477418899536133,0.9902553,True,False,True,DOWN in diabetic,medium,rs371745557,0.2582860333391119,-6.46220403859995,True
6_7231953_T_C,CTCF,0.99551785,0.99566686,,0.8902224,-0.2791938781738281,-0.3370351791381836,,-0.027611732482910156,-0.15340280532836914,0.99551785,True,True,False,DOWN in diabetic,high,rs9505086,0.915562615446654,-9.317662711110184,True
10_48152960_G_A,AGO2,0.9917676,,,,-0.1510477066040039,,,,-0.1510477066040039,0.9917676,True,False,False,DOWN in diabetic,medium,rs80138496,0.2085734870270671,-4.59282510825476,True
12_108236003_G_A,SOX13,0.99204075,,,,0.14924097061157227,,,,0.14924097061157227,0.99204075,True,False,False,UP in diabetic,medium,rs1426371,0.3538099318126309,4.73017699908796,True
16_89850827_G_T,BCLAF1,0.9964625,0.50726056,,,-0.14773225784301758,-0.0048656463623046875,,,-0.14773225784301758,0.9964625,True,False,True,DOWN in diabetic,medium,rs11644935,1.0,-4.90360170983078,True
1_49687782_T_A,ZNF24,0.9946926,0.9560082,,,-0.147247314453125,-0.04625844955444336,,,-0.147247314453125,0.9946926,True,False,True,DOWN in diabetic,medium,rs569510541,0.213719762512819,-4.295724571170244,True
1_200320832_T_G,USF2,0.9902553,0.28028134,,,-0.14501428604125977,0.0040130615234375,,,-0.14501428604125977,0.9902553,True,False,True,DOWN in diabetic,medium,rs371745557,0.2582860333391119,-5.79773212786813,True
16_89850827_G_T,ZNF24,0.9943216,0.9514159,,,-0.1417999267578125,-0.03353404998779297,,,-0.1417999267578125,0.9943216,True,False,True,DOWN in diabetic,medium,rs11644935,1.0,-4.6304805454943585,True
16_89850827_G_T,TBX3,0.9953638,,,,-0.13962650299072266,,,,-0.13962650299072266,0.9953638,True,False,False,DOWN in diabetic,medium,rs11644935,1.0,-4.530417345828302,True
16_53767042_T_C,ONECUT2,0.9905784,,,,-0.13945484161376953,,,,-0.13945484161376953,0.9905784,True,False,False,DOWN in diabetic,medium,rs1421085,0.3369786408745476,-5.319821611821581,True
8_127699497_G_A,FOXA1,0.99089086,,,0.34146425,-0.26320457458496094,,,-0.00728607177734375,-0.13524532318115234,0.99089086,True,True,False,DOWN in diabetic,high,rs17772814,0.999999421509495,-5.366722208186341,True
11_49549478_C_T,ZBTB33,0.9914851,0.775255,,0.68051964,-0.25949811935424805,-0.01204538345336914,,-0.010954856872558594,-0.13522648811340332,0.9914851,True,True,True,DOWN in diabetic,high,rs11040422,1.0,-4.435961330818416,True
19_7099078_G_A,FUS,0.9914851,,,,-0.13240337371826172,,,,-0.13240337371826172,0.9914851,True,False,False,DOWN in diabetic,medium,rs12052184,0.329968518414244,-6.27999134822331,True
10_61965028_C_T,ZBTB33,0.9946926,0.8068961,,0.8970444,0.3007926940917969,0.028496265411376953,,-0.044854164123535156,0.12796926498413086,0.9946926,True,False,True,UP in diabetic,medium,rs76804656,0.3177300126693277,4.4658355575005775,True
6_20686342_C_A,FOXA1,0.991193,,,0.7313966,-0.2416396141052246,,,-0.014143943786621094,-0.12789177894592285,0.991193,True,True,False,DOWN in diabetic,high,rs7766070,0.4018725840588391,-5.487670786824242,True
20_48334076_C_T,CREB1,0.9950395,0.9497837,,,0.12740278244018555,0.047760009765625,,,0.12740278244018555,0.9950395,True,False,True,UP in diabetic,medium,rs6095068,0.5170667629116162,11.023477859995358,True
6_20686342_C_A,CTCF,0.9953638,0.9888489,,0.78842187,-0.27483654022216797,-0.16542339324951172,,0.02822589874267578,-0.1233053207397461,0.9953638,True,False,False,DOWN in diabetic,medium,rs7766070,0.4018725840588391,-6.694981241905297,True
4_45179317_A_T,JUN,0.9935001,0.89368504,,,-0.12091517448425293,-0.028408050537109375,,,-0.12091517448425293,0.9935001,True,False,True,DOWN in diabetic,medium,rs12507026,0.2954399626160436,-9.44739991101949,True
4_45179317_A_T,JUND,0.9950395,0.98385334,,0.9588311,-0.1708698272705078,-0.09712815284729004,,-0.061102867126464844,-0.11598634719848633,0.9950395,True,True,False,DOWN in diabetic,high,rs12507026,0.2954399626160436,-13.261187296854537,True
12_31655074_C_A,BCLAF1,0.9932769,0.5440255,,,0.10841083526611328,-0.01023721694946289,,,0.10841083526611328,0.9932769,True,False,True,UP in diabetic,medium,rs10771862,0.9999912386987232,4.235808223993817,True
10_48152960_G_A,NRF1,0.99089086,0.996215,,,-0.10691189765930176,-0.22214365005493164,,,-0.10691189765930176,0.99089086,True,False,False,DOWN in diabetic,medium,rs80138496,0.2085734870270671,-4.2930309107665705,True
12_31655074_C_A,TBX3,0.991193,,,,0.1036996841430664,,,,0.1036996841430664,0.991193,True,False,False,UP in diabetic,medium,rs10771862,0.9999912386987232,4.000728766993306,True
8_56586145_C_A,EZH2,0.991193,,0.9723945,,-0.14600467681884766,,-0.052466392517089844,,-0.09923553466796875,0.991193,True,True,False,DOWN in diabetic,high,rs6651357,0.2587754874268596,-6.096068104564032,True
2_65056838_T_C,ZBTB40,0.9969102,0.9774153,,,0.09483623504638672,0.030167102813720703,,,0.09483623504638672,0.9969102,True,False,True,UP in diabetic,medium,rs74181299,0.390430238504438,4.047121900596361,True
20_33710480_C_T,MAZ,0.9917676,0.9946926,,,-0.08443641662597656,-0.20380306243896484,,,-0.08443641662597656,0.9917676,True,False,False,DOWN in diabetic,medium,rs13042148,0.2381042784100863,-4.187830169332912,True
6_7231953_T_C,RAD21,0.9902553,0.99304605,,0.9095027,-0.11182737350463867,-0.17339515686035156,,-0.040053367614746094,-0.07594037055969238,0.9902553,True,True,False,DOWN in diabetic,high,rs9505086,0.915562615446654,-5.552852608572121,True
7_28156794_G_A,ATF2,0.9902553,0.98540246,,,0.06777095794677734,0.11429023742675781,,,0.06777095794677734,0.9902553,True,False,False,UP in diabetic,medium,rs849135,0.275418601474433,4.73702037515445,True
10_61965028_C_T,RXRA,0.99756175,,,0.9255302,0.21111774444580078,,,-0.09165191650390625,0.059732913970947266,0.99756175,True,False,False,UP in diabetic,medium,rs76804656,0.3177300126693277,5.610683753621575,True
