,variant_id,rsid,pip,gene_id,gene_name,hepatic_score,hepatic_q,cells_agree,distance_to_tss,significant,confidence,direction,is_TF,n_studies_supporting,beta_alt,n_TF_tracks_changed,dnase_q,liver_TPM,abs_effect,priority_score,1_AG_confidence,2_effect_size,3_fine_mapping_PIP,4_replicated_both_cohorts,5_HepG2_liver_agree,6_expressed_in_liver(TPM>=10),7_enhancer_or_strong_TF_change
1,1_213977102_T_A,rs17712208,0.668392273643485,ENSG00000117707,PROX1,-0.065289016192158,0.9999432,True,6079,True,high,DOWN in diabetic,True,2,0.0870922076454505,515,-0.99996465,30.4462,0.065289016192158,6.62962962962963,0.99,0.99,0.65,1.0,1.0,1.0,1.0
2,20_64064525_C_A,rs6062342,0.5033157532957727,ENSG00000171703,TCEA2,0.0476340775688489,0.9999118,True,14689,True,high,UP in diabetic,False,1,-0.0092367077333825,237,-0.99711233,10.1472,0.0476340775688489,5.5092592592592595,0.96,0.96,0.58,0.0,1.0,1.0,1.0
3,13_50521959_A_T,rs963740,0.3844965208102913,ENSG00000186047,DLEU7,0.022393782933553,0.99977976,True,321980,True,high,UP in diabetic,False,2,-0.0195842614882345,443,-0.99853253,0.0349394,0.022393782933553,5.166666666666666,0.88,0.82,0.46,1.0,1.0,0.0,1.0
4,1_26695422_G_C,rs114165349,0.458341691148397,ENSG00000117713,ARID1A,-0.0168760319550832,0.99943143,True,2186,True,high,DOWN in diabetic,False,1,0.0446772896330138,165,-0.9914851,10.0425,0.0168760319550832,4.935185185185185,0.68,0.73,0.53,0.0,1.0,1.0,1.0
5,11_627276_C_T,rs540205414,0.9965888352068,ENSG00000070031,SCT,0.273773118853569,0.9999967,True,95,True,high,UP in diabetic,False,1,0.197437700557105,55,0.9723945,0.188241,0.273773118853569,4.851851851851852,1.0,1.0,0.85,0.0,1.0,0.0,1.0
6,11_92975544_C_G,rs10830963,1.0,ENSG00000134640,MTNR1B,0.0409034887949625,0.9998762,True,5893,True,high,UP in diabetic,False,2,0.104644612375424,0,0.986804,0.0,0.0409034887949625,4.851851851851851,0.93,0.94,0.98,1.0,1.0,0.0,0.0
7,11_65638129_G_T,rs2306363,0.8858405326852323,ENSG00000213445,SIPA1,0.0650914361079533,0.99994123,True,28,True,high,UP in diabetic,False,1,-0.0127726793906266,0,-0.91788995,11.029,0.0650914361079533,4.657407407407407,0.98,0.98,0.69,0.0,1.0,1.0,0.0
8,13_26202862_A_G,rs34584161,0.8185319208933491,ENSG00000127870,RNF6,0.0088152127961317,0.99800986,True,19452,True,high,UP in diabetic,False,2,-0.0211355238702048,177,-0.9981401,5.55417,0.0088152127961317,4.648148148148148,0.4,0.56,0.69,1.0,1.0,0.0,1.0
9,20_44394715_G_A,rs191830490,0.919562394411982,ENSG00000101076,HNF4A,-0.0199426716814438,0.9998955,False,39016,True,medium,DOWN in diabetic,True,1,-0.276868252916399,137,0.99826187,55.4097,0.0199426716814438,4.462962962962963,0.94,0.79,0.73,0.0,0.0,1.0,1.0
10,1_116990168_C_T,rs1127215,0.992587202216235,ENSG00000134256,CD101,-0.0198989709218343,0.99968034,True,11582,True,high,DOWN in diabetic,False,2,-0.0441034646553125,2,-0.016938813,0.238088,0.0198989709218343,4.425925925925926,0.81,0.78,0.83,1.0,1.0,0.0,0.0
11,1_26280514_C_A,rs34824071,0.478328924873145,ENSG00000142669,SH3BGRL3,0.0348600496848424,0.99980104,True,428,True,high,UP in diabetic,False,1,-0.0211841472053705,0,-0.9774153,28.3351,0.0348600496848424,4.361111111111111,0.89,0.94,0.54,0.0,1.0,1.0,0.0
12,18_32177620_T_G,rs1482682068,0.545288426080077,ENSG00000141434,MEP1B,0.025232712427775,0.99963397,True,7449,True,high,UP in diabetic,False,1,0.112604778138046,71,0.998482,0.151384,0.025232712427775,4.263888888888889,0.79,0.86,0.61,0.0,1.0,0.0,1.0
13,3_125200933_T_C,rs4679370,0.3079096850510043,ENSG00000221955,SLC12A8,-0.0529084801673889,0.99990237,True,11931,True,high,DOWN in diabetic,False,1,0.0139516431858468,355,-0.998918,3.04447,0.0529084801673889,4.212962962962964,0.95,0.97,0.29,0.0,1.0,0.0,1.0
14,8_117173494_A_G,rs11558471,0.9321362090521224,ENSG00000164756,SLC30A8,0.0117868979771931,0.9994687,True,223221,True,high,UP in diabetic,False,2,-0.0295970420458222,0,-0.34146425,0.0,0.0117868979771931,4.12962962962963,0.72,0.67,0.74,1.0,1.0,0.0,0.0
15,11_17393643_C_G,rs4148646,0.5417928068917486,ENSG00000187486,KCNJ11,0.016940951347351,0.9994504,True,4312,True,high,UP in diabetic,False,1,-0.0243900680177702,42,0.99089086,0.604791,0.016940951347351,4.037037037037037,0.69,0.74,0.6,0.0,1.0,0.0,1.0
16,16_72054877_C_T,rs35254925,0.9901756443812744,ENSG00000257017,HP,0.0089426189661026,0.99902254,True,372,True,high,UP in diabetic,False,1,0.008972975306771,0,0.9205166,12259.2,0.0089426189661026,3.9537037037037037,0.56,0.57,0.82,0.0,1.0,1.0,0.0
17,6_56399929_T_C,rs643246,0.230360142395276,ENSG00000124749,COL21A1,0.0297727485497792,0.99982625,True,5835,True,high,UP in diabetic,False,1,-0.0073892184380645,320,-0.9977972,0.25517,0.0297727485497792,3.898148148148148,0.92,0.89,0.09,0.0,1.0,0.0,1.0
18,12_4246442_C_T,rs189926680,0.9796970866048512,ENSG00000118971,CCND2,0.0093512038389841,0.9987184,True,23329,True,high,UP in diabetic,False,1,-0.0085257618262144,21,-0.98807174,1.23616,0.0093512038389841,3.888888888888889,0.51,0.59,0.79,0.0,1.0,0.0,1.0
19,10_70887896_G_C,rs827241,0.3341514074848398,ENSG00000166228,PCBD1,-0.0176055431365966,0.9995515,False,669,True,medium,DOWN in diabetic,False,1,0.0086826909931442,55,-0.9969102,151.935,0.0176055431365966,3.8796296296296298,0.77,0.75,0.36,0.0,0.0,1.0,1.0
20,10_70888579_C_T,rs827237,0.3331480731422078,ENSG00000166228,PCBD1,0.0113309000929196,0.9995035,True,14,True,high,UP in diabetic,False,1,0.0086819142961377,1,0.93881017,151.935,0.0113309000929196,3.7453703703703702,0.75,0.65,0.35,0.0,1.0,1.0,0.0
21,17_68457164_C_G,rs71378928,0.3157985063552221,ENSG00000070540,WIPI1,-0.0144632110993067,0.9994687,True,349,True,high,DOWN in diabetic,False,1,-0.00787139020331,59,0.93248457,9.22137,0.0144632110993067,3.731481481481482,0.72,0.7,0.31,0.0,1.0,0.0,1.0
22,20_64062966_G_T,rs35213536,0.2496213063823487,ENSG00000171703,TCEA2,-0.0209932302435239,0.9994504,True,13130,True,high,DOWN in diabetic,False,1,0.0090644418492712,0,-0.6619072,10.1472,0.0209932302435239,3.638888888888889,0.69,0.8,0.15,0.0,1.0,1.0,0.0
23,6_43770093_A_G,rs1570360,0.9950827792018256,ENSG00000112715,VEGFA,0.0071713365614414,0.9963409,True,91,True,high,UP in diabetic,False,1,0.0093198425351452,0,-0.8068961,143.583,0.0071713365614414,3.574074074074074,0.26,0.47,0.84,0.0,1.0,1.0,0.0
24,2_119524439_C_T,rs2244214,0.9746687086817728,ENSG00000080293,SCTR,0.0257031520207722,0.9998077,True,862,True,high,UP in diabetic,False,1,0.0107709318707531,0,0.839569,0.540171,0.0257031520207722,3.537037037037037,0.9,0.87,0.77,0.0,1.0,0.0,0.0
25,X_129980808_G_A,rs180956060,0.974788988086966,ENSG00000085185,BCORL1,-0.0321625471115112,0.9997112,True,299,True,high,DOWN in diabetic,False,1,0.0348236382238451,17,0.5558421,1.52066,0.0321625471115112,3.5277777777777777,0.84,0.91,0.78,0.0,1.0,0.0,0.0
26,14_76834520_C_T,rs2056857,0.769013451865183,ENSG00000100565,LRRC74A,0.0065797964731852,0.9980761,True,8148,True,high,UP in diabetic,False,1,-0.0137766537923953,76,-0.9939247,0.0,0.0065797964731852,3.5185185185185186,0.42,0.44,0.67,0.0,1.0,0.0,1.0
27,17_78131350_G_C,rs383603,0.9997296703149048,ENSG00000167895,TMC8,-0.0221926768620808,0.99952,True,580,True,high,DOWN in diabetic,False,1,0.0109893392847956,0,-0.49457133,3.90334,0.0221926768620808,3.4722222222222223,0.76,0.81,0.9,0.0,1.0,0.0,0.0
28,12_120994314_G_C,rs56348580,0.9740868851099682,ENSG00000135100,HNF1A,0.0061070308244476,0.9966939,True,15771,True,high,UP in diabetic,True,2,-0.0208434470688683,0,-0.26459876,8.69954,0.0061070308244476,3.416666666666667,0.28,0.38,0.76,1.0,1.0,0.0,0.0
29,11_72752390_G_A,rs7109575,0.377392154274588,ENSG00000186635,ARAP1,-0.007859967648983,0.9979413,True,41209,True,high,DOWN in diabetic,False,1,-0.0333832214048223,3,0.9065298,13.6685,0.007859967648983,3.351851851851852,0.39,0.51,0.45,0.0,1.0,1.0,0.0
30,20_59032308_C_T,rs45551238,0.892095649823927,ENSG00000124172,ATP5F1E,0.0209945080180962,0.99963397,True,37,True,high,UP in diabetic,False,1,-0.140492183242345,0,-0.21673311,,0.0209945080180962,3.300925925925926,0.79,0.81,0.7,0.0,1.0,0.0,0.0
31,11_69674650_C_A,rs185703700,1.0,ENSG00000149716,LTO1,-0.0143227378527323,0.99922884,True,766,True,high,DOWN in diabetic,False,1,-0.7888909050447449,2,0.90346414,,0.0143227378527323,3.287037037037037,0.62,0.69,0.98,0.0,1.0,0.0,0.0
32,X_19437376_C_T,rs182488212,0.410393345049393,ENSG00000180815,MAP3K15,0.0339039762814839,0.99973917,True,78132,True,high,UP in diabetic,False,1,-0.0660490745902308,0,-0.63238406,0.0131161,0.0339039762814839,3.277777777777778,0.86,0.93,0.49,0.0,1.0,0.0,0.0
33,2_65057097_A_T,rs2540949,0.3356159048117916,ENSG00000011523,CEP68,-0.0414886474609375,0.9998882,True,743,True,high,DOWN in diabetic,False,1,-0.0151191876561389,0,0.839569,1.45947,0.0414886474609375,3.259259259259259,0.94,0.95,0.37,0.0,1.0,0.0,0.0
34,4_6302515_T_C,rs1046317,0.421039747775429,ENSG00000109501,WFS1,-0.0058408301944533,0.99756175,True,32666,True,high,DOWN in diabetic,False,1,0.0282306088242765,0,-0.28028134,11.7626,0.0058408301944533,3.25,0.37,0.37,0.51,0.0,1.0,1.0,0.0
35,6_39313680_A_C,rs34179517,0.501219657011712,ENSG00000124780,KCNK17,-0.017958919207255,0.9998141,False,781,True,medium,DOWN in diabetic,False,2,0.0250997894445815,0,-0.39988402,2.14592,0.017958919207255,3.2314814814814814,0.91,0.76,0.56,1.0,0.0,0.0,0.0
36,8_41651058_C_A,rs13262861,0.996648272202022,ENSG00000165066,NKX6-3,-0.0144561926523844,0.9992545,True,241,True,high,DOWN in diabetic,True,1,-0.0646533211794394,0,0.8127267,0.0,0.0144561926523844,3.185185185185185,0.63,0.69,0.86,0.0,1.0,0.0,0.0
37,13_50519978_T_G,rs9316500,0.3392362517468904,ENSG00000186047,DLEU7,-0.0049235820770263,0.99876106,True,323961,True,high,DOWN in diabetic,False,2,-0.0195695720037868,0,-0.7684068,0.0349394,0.0049235820770263,3.1805555555555554,0.52,0.28,0.38,1.0,1.0,0.0,0.0
38,1_155244682_A_G,rs12034326,0.3928901651883948,ENSG00000177628,GBA1,-0.0234347240378459,0.9996693,True,17,True,high,DOWN in diabetic,False,1,0.0101050572657201,5,-0.6116155,,0.0234347240378459,3.1296296296296298,0.81,0.84,0.48,0.0,1.0,0.0,0.0
39,15_40340937_A_T,rs4924455,0.3557224630347637,ENSG00000188549,CCDC9B,-0.0270404418309529,0.999691,True,2,True,high,DOWN in diabetic,False,1,-0.0100502509005236,0,0.78842187,,0.0270404418309529,3.1203703703703702,0.82,0.88,0.42,0.0,1.0,0.0,0.0
40,6_160513793_C_T,rs3127570,0.291728401972785,ENSG00000198670,LPA,-0.0082516968250274,0.99566686,True,150482,True,high,DOWN in diabetic,False,1,0.0106224233328774,0,-0.48166767,14.9815,0.0082516968250274,3.023148148148148,0.23,0.55,0.25,0.0,1.0,1.0,0.0
41,1_156236927_T_G,rs144847100,0.90508608031541,ENSG00000242252,BGLAP,0.0116352438926696,0.9986743,True,5257,True,high,UP in diabetic,False,1,-0.0083109749643706,0,0.5558421,5.27004,0.0116352438926696,2.8703703703703702,0.5,0.66,0.71,0.0,1.0,0.0,0.0
42,22_43928850_C_T,rs738408,0.2429302758025573,ENSG00000100344,PNPLA3,-0.0078639288743337,0.99566686,True,5058,True,high,DOWN in diabetic,False,1,0.0129938665521079,0,-0.58996826,18.8998,0.0078639288743337,2.8657407407407405,0.23,0.52,0.12,0.0,1.0,1.0,0.0
43,10_69554950_G_C,rs537982442,1.0,ENSG00000122859,NEUROG3,-0.006221850713094,0.9984297,True,18472,True,high,DOWN in diabetic,True,1,0.239977589159649,0,0.45522588,0.0,0.006221850713094,2.8425925925925926,0.47,0.39,0.98,0.0,1.0,0.0,0.0
44,20_62642365_G_C,rs6122141,0.2166463632451102,ENSG00000101187,SLCO4A1,-0.029967188835144,0.99970126,True,138,True,high,DOWN in diabetic,False,1,-0.0130773829772625,1,0.9694861,1.30704,0.029967188835144,2.787037037037037,0.83,0.9,0.06,0.0,1.0,0.0,0.0
45,7_44324927_G_A,rs149725176,0.200183315618767,ENSG00000058404,CAMK2B,0.0321769714355468,0.99973917,True,9650,True,high,UP in diabetic,False,1,-0.0082142348008298,1,-0.29581574,2.36737,0.0321769714355468,2.787037037037037,0.86,0.92,0.01,0.0,1.0,0.0,0.0
46,11_2174751_T_C,rs10743152,0.3295456981339787,ENSG00000180176,TH,0.014953335126241,0.9994504,True,2936,True,high,UP in diabetic,False,1,-0.0220964519991651,0,-0.21673311,0.362574,0.014953335126241,2.759259259259259,0.69,0.72,0.34,0.0,1.0,0.0,0.0
47,12_120979503_C_T,rs80019595,0.9986770628925332,ENSG00000135100,HNF1A,0.0082054038842519,0.99711233,True,960,True,high,UP in diabetic,True,1,0.0110925688376569,0,0.44169295,8.69954,0.0082054038842519,2.7453703703703702,0.33,0.54,0.88,0.0,1.0,0.0,0.0
48,3_186108951_T_G,rs869400,0.2084761414841979,ENSG00000244405,ETV5,-0.0226884707808494,0.99973917,True,1367,True,high,DOWN in diabetic,True,1,0.0109958748905497,0,-0.9151803,2.24305,0.0226884707808494,2.740740740740741,0.86,0.83,0.05,0.0,1.0,0.0,0.0
49,19_1236709_C_A,rs76096449,0.2602565712291745,ENSG00000099625,CBARP,-0.0189300775527954,0.9994687,True,1318,True,high,DOWN in diabetic,False,1,0.0087652780057672,0,-0.94270426,0.180578,0.0189300775527954,2.685185185185185,0.72,0.77,0.19,0.0,1.0,0.0,0.0
50,4_1065916_G_A,rs144654020,0.999440189543594,ENSG00000178222,RNF212,-0.0046661694844563,0.9988422,False,47648,True,medium,DOWN in diabetic,False,1,-0.0091128551982573,218,0.9992545,0.115276,0.0046661694844563,2.685185185185185,0.54,0.26,0.89,0.0,0.0,0.0,1.0
51,11_92982947_C_A,rs12285500,0.9999999999998864,ENSG00000134640,MTNR1B,0.0048737525939941,0.9980761,True,13296,True,high,UP in diabetic,False,1,0.0217310204343097,0,0.8009039,0.0,0.0048737525939941,2.6342592592592595,0.42,0.27,0.95,0.0,1.0,0.0,0.0
52,5_77139179_G_A,rs7732130,0.374547734724301,ENSG00000132846,ZBED3,-0.0080194771289825,0.9994119,True,51894,True,high,DOWN in diabetic,True,1,-0.0219940921275943,1,0.9673817,3.89208,0.0080194771289825,2.6342592592592595,0.66,0.53,0.44,0.0,1.0,0.0,0.0
53,11_67457697_G_A,rs199749736,0.9997557760104724,ENSG00000175514,GPR152,-0.0056354204813639,0.9973013,True,4968,True,high,DOWN in diabetic,False,1,-0.0091376373648591,0,0.05077759,0.0,0.0056354204813639,2.6157407407407405,0.35,0.36,0.91,0.0,1.0,0.0,0.0
54,1_117624255_C_T,rs10923360,0.264642061312287,ENSG00000183508,TENT5C,0.0146298358837763,0.99934894,True,18207,True,high,UP in diabetic,False,1,0.0093964434477124,0,0.11803031,,0.0146298358837763,2.5925925925925926,0.65,0.71,0.23,0.0,1.0,0.0,0.0
55,3_184278425_C_T,rs843372,0.4300082060695715,ENSG00000145194,ECE2,-0.0099134445190429,0.9980761,True,2414,True,high,DOWN in diabetic,False,1,-0.0110268531619717,0,0.7313966,2.63295,0.0099134445190429,2.5462962962962963,0.42,0.61,0.52,0.0,1.0,0.0,0.0
56,12_20426458_G_C,rs7488780,0.3171390098063886,ENSG00000172572,PDE3A,0.0112311244010925,0.99908656,True,57921,True,high,UP in diabetic,False,1,-0.0084775334582314,1,0.29581574,0.732066,0.0112311244010925,2.5277777777777777,0.57,0.64,0.31,0.0,1.0,0.0,0.0
57,10_104388528_G_A,rs10883996,0.3038906300051511,ENSG00000120051,CFAP58,0.0089577039082845,0.9994119,False,34695,True,medium,UP in diabetic,False,1,-0.0075190460218573,71,0.34146425,0.0952685,0.0089577039082845,2.5138888888888893,0.66,0.58,0.27,0.0,0.0,0.0,1.0
58,12_27475809_T_C,rs6487610,0.9389862778134092,ENSG00000165935,SMCO2,-0.0066871643066406,0.9953638,True,29073,True,high,DOWN in diabetic,False,1,0.0086986394132147,0,0.34146425,0.175973,0.0066871643066406,2.4074074074074074,0.21,0.44,0.75,0.0,1.0,0.0,0.0
59,3_184276748_A_G,rs843371,0.2920582053276784,ENSG00000145194,ECE2,-0.0110472043355306,0.99837565,True,737,True,high,DOWN in diabetic,False,1,-0.0109470201683525,0,-0.6116155,2.63295,0.0110472043355306,2.351851851851852,0.46,0.63,0.26,0.0,1.0,0.0,0.0
60,2_164962511_A_T,rs72886118,0.5484784618220699,ENSG00000169507,SLC38A11,-0.0064633687337239,0.997013,True,6986,True,high,DOWN in diabetic,False,1,0.0168417729401584,0,-0.50726056,1.05636,0.0064633687337239,2.3425925925925926,0.31,0.42,0.62,0.0,1.0,0.0,0.0
61,17_3924792_C_G,rs1043246,0.9998392982131006,ENSG00000108405,P2RX1,-0.0129461884498596,0.9995035,False,8316,True,medium,DOWN in diabetic,False,1,0.0111669446683625,4,-0.93466026,0.829819,0.0129461884498596,2.337962962962963,0.75,0.68,0.92,0.0,0.0,0.0,0.0
62,20_33720469_C_T,rs67611724,0.2533406706972417,ENSG00000101417,PXMP4,-0.0098345577716827,0.9990551,True,150,True,high,DOWN in diabetic,False,1,0.0084098113775839,4,-0.8127267,3.503,0.0098345577716827,2.333333333333333,0.56,0.6,0.17,0.0,1.0,0.0,0.0
63,19_1233053_A_C,rs36001015,0.2166744562323396,ENSG00000099625,CBARP,0.0100020964940389,0.99911696,True,4974,True,high,UP in diabetic,False,1,0.0087182298671616,0,0.9774153,0.180578,0.0100020964940389,2.273148148148148,0.59,0.62,0.06,0.0,1.0,0.0,0.0
64,20_62642608_G_A,rs34885433,0.3620168250909925,ENSG00000101187,SLCO4A1,-0.0235753456751505,0.9999203,False,105,True,medium,DOWN in diabetic,False,1,-0.0131665999861875,1,-0.57881373,1.30704,0.0235753456751505,2.25,0.97,0.85,0.43,0.0,0.0,0.0,0.0
65,7_102289389_G_T,rs187232969,0.243314583275566,ENSG00000160999,SH2B2,-0.0075605312983194,0.99911696,True,4298,True,high,DOWN in diabetic,False,1,0.044850680239911,0,-0.8009039,1.12091,0.0075605312983194,2.208333333333333,0.59,0.49,0.13,0.0,1.0,0.0,0.0
66,18_32092229_C_A,rs531385319,0.420798646704729,ENSG00000134758,RNF138,0.0054331715218722,0.9973013,True,355,True,high,UP in diabetic,False,1,0.0860801579808122,0,-0.50726056,6.92904,0.0054331715218722,2.1712962962962963,0.35,0.32,0.5,0.0,1.0,0.0,0.0
67,12_4275503_C_T,rs3217791,0.9999999077186644,ENSG00000285901,ENSG00000285901,0.0041754245758056,0.9902553,True,1741,True,high,UP in diabetic,False,1,-0.0200469195161426,10,0.6619072,,0.0041754245758056,2.1574074074074074,0.02,0.21,0.93,0.0,1.0,0.0,0.0
68,15_40104990_C_G,rs34245505,0.9149013036166538,ENSG00000104081,BMF,0.0041727175315221,0.9946926,True,3902,True,high,UP in diabetic,False,1,0.0109235427059018,1,0.93881017,1.03362,0.0041727175315221,2.1203703703703702,0.19,0.2,0.72,0.0,1.0,0.0,0.0
69,17_46864000_A_G,rs2165846,0.9798617240417128,ENSG00000158955,WNT9B,0.0038259824117024,0.99256027,True,30799,True,high,UP in diabetic,False,1,-0.0085875094990583,0,0.9639548,0.0345582,0.0038259824117024,2.083333333333333,0.13,0.16,0.8,0.0,1.0,0.0,0.0
70,1_117624577_A_G,rs826403,0.307245893063256,ENSG00000183508,TENT5C,-0.0054853012164433,0.99831975,True,18529,True,high,DOWN in diabetic,False,1,0.0109519078826399,0,0.79474694,,0.0054853012164433,2.074074074074074,0.45,0.34,0.28,0.0,1.0,0.0,0.0
71,11_2887169_C_T,rs431222,0.5066137096848273,ENSG00000129757,CDKN1C,-0.0051038476328055,0.993716,True,1394,True,high,DOWN in diabetic,False,1,0.0143659691946357,0,-0.90030324,3.25871,0.0051038476328055,2.060185185185185,0.16,0.31,0.59,0.0,1.0,0.0,0.0
72,8_12936769_A_G,rs2947365,0.3719549562160257,ENSG00000250305,TRMT9B,-0.0054680903752644,0.9968039,True,8873,True,high,DOWN in diabetic,False,1,-0.0093155759683801,0,0.600902,,0.0054680903752644,2.0555555555555554,0.29,0.33,0.44,0.0,1.0,0.0,0.0
73,16_75200974_C_A,rs72802342,0.9977094844641524,ENSG00000168928,CTRB2,-0.0038220485051472,0.9902553,True,6187,True,high,DOWN in diabetic,False,1,-0.0199029202003039,0,0.9514159,1.78421,0.0038220485051472,2.037037037037037,0.02,0.15,0.87,0.0,1.0,0.0,0.0
74,8_41631133_A_C,rs2977852,1.0,ENSG00000165066,NKX6-3,0.0069491068522135,0.99914634,False,19684,True,medium,UP in diabetic,True,1,0.0274293010179188,0,0.9302391,0.0,0.0069491068522135,2.037037037037037,0.6,0.45,0.98,0.0,0.0,0.0,0.0
75,18_59216087_T_G,rs7243357,0.2633422128560403,ENSG00000134443,GRP,-0.0077231327692667,0.997013,True,4071,True,high,DOWN in diabetic,False,1,-0.0119041826247835,0,0.41401842,0.0,0.0077231327692667,2.0277777777777777,0.31,0.5,0.22,0.0,1.0,0.0,0.0
76,12_65828372_C_G,rs1460121,0.999999999974051,ENSG00000149948,HMGA2,0.0008148550987243,0.9905784,False,3912,True,medium,UP in diabetic,True,1,0.0164513114829706,51,-0.9205166,0.0054742,0.0008148550987243,2.0277777777777777,0.04,0.06,0.94,0.0,0.0,0.0,1.0
77,7_44325263_C_G,rs111242776,0.2328364182811621,ENSG00000058404,CAMK2B,0.0074940125147501,0.998202,True,9314,True,high,UP in diabetic,False,1,-0.0083036100499955,0,-0.44169295,2.36737,0.0074940125147501,2.0277777777777777,0.44,0.48,0.1,0.0,1.0,0.0,0.0
78,11_1675619_C_T,rs2334499,0.686985622947454,ENSG00000205864,KRTAP5-6,-0.0034751097361246,0.9941265,True,21576,True,high,DOWN in diabetic,False,1,0.0108376281715527,0,-0.879187,2.32814,0.0034751097361246,1.9675925925925926,0.18,0.13,0.66,0.0,1.0,0.0,0.0
79,7_28174995_A_C,rs10226758,1.0,ENSG00000153814,JAZF1,0.0065480868021647,0.99858135,False,5800,True,medium,UP in diabetic,True,1,-0.0228185257098688,1,-0.9673817,4.12464,0.0065480868021647,1.8981481481481484,0.49,0.43,0.98,0.0,0.0,0.0,0.0
80,X_153635030_C_T,rs4898364,0.498686028327068,ENSG00000130829,DUSP9,0.0082722964386145,0.99962133,False,7462,True,medium,UP in diabetic,False,1,-0.0439754447017022,18,-0.99230486,0.563461,0.0082722964386145,1.888888888888889,0.78,0.56,0.56,0.0,0.0,0.0,0.0
81,19_44893408_G_T,rs59007384,0.32827029281371,ENSG00000130204,TOMM40,0.0025034298499425,0.99787045,False,2839,True,medium,UP in diabetic,False,1,-0.023363627145349,0,-0.82391596,17.4122,0.0025034298499425,1.8055555555555556,0.38,0.09,0.33,0.0,0.0,1.0,0.0
82,11_49154506_A_G,rs117109255,0.2576289183421175,ENSG00000086205,FOLH1,-0.0070061683654785,0.9935001,True,54132,True,high,DOWN in diabetic,False,1,0.0125866326282852,0,0.65228176,4.93424,0.0070061683654785,1.7962962962962963,0.15,0.46,0.19,0.0,1.0,0.0,0.0
83,20_33710480_C_T,rs13042148,0.2381042784100863,ENSG00000101417,PXMP4,0.0055589874585469,0.99711233,True,9839,True,high,UP in diabetic,False,1,0.0083932913855616,3,-0.9497837,3.503,0.0055589874585469,1.7916666666666667,0.33,0.35,0.11,0.0,1.0,0.0,0.0
84,4_105145663_C_G,rs11729069,0.203494591691428,ENSG00000168769,TET2,0.0063999195893605,0.9974778,True,212,True,high,UP in diabetic,True,1,0.0107311796704364,0,0.8902224,1.37343,0.0063999195893605,1.7870370370370372,0.36,0.4,0.03,0.0,1.0,0.0,0.0
85,7_90489966_T_C,rs17862206,0.4806359860311022,ENSG00000251154,PTTG1IP2,0.0040318965911865,0.99089086,True,20327,True,high,UP in diabetic,False,1,-0.0077177832715501,0,-0.3855568,,0.0040318965911865,1.787037037037037,0.06,0.19,0.55,0.0,1.0,0.0,0.0
86,17_7651218_T_C,rs1050528,0.9999999999998864,ENSG00000129244,ATP1B2,0.0042147835095723,0.9991748,False,4591,True,medium,UP in diabetic,False,1,-0.0509690151273334,0,-0.31119522,1.64204,0.0042147835095723,1.7824074074074074,0.61,0.22,0.95,0.0,0.0,0.0,0.0
87,13_109140829_G_A,rs150813880,0.2052218121142513,ENSG00000041515,MYO16,0.0049316088358561,0.9981401,True,544677,True,high,UP in diabetic,False,1,0.0085420053538253,0,-0.016938813,0.717942,0.0049316088358561,1.7592592592592593,0.44,0.29,0.04,0.0,1.0,0.0,0.0
88,20_44627796_G_A,rs56062745,0.3454167818257018,ENSG00000196839,ADA,0.0038409034411112,0.9914851,True,24456,True,high,UP in diabetic,False,1,-0.0080382435361002,13,-0.9833016,2.01654,0.0038409034411112,1.6759259259259258,0.1,0.17,0.41,0.0,1.0,0.0,0.0
89,12_117977121_G_A,rs7132351,0.572961499691249,ENSG00000171435,KSR2,0.0049804846445719,0.99930334,False,8131,True,medium,UP in diabetic,False,1,0.0225908093432481,4,0.98385334,0.0101813,0.0049804846445719,1.574074074074074,0.64,0.3,0.64,0.0,0.0,0.0,0.0
90,9_4298589_G_A,rs35338539,0.552105072444569,ENSG00000107249,GLIS3,0.0064099232355753,0.99876106,False,49803,True,medium,UP in diabetic,True,1,0.0194086101035954,0,0.9627358,1.35287,0.0064099232355753,1.5601851851851851,0.52,0.41,0.63,0.0,0.0,0.0,0.0
91,7_44176538_G_A,rs2908290,0.223027622820743,ENSG00000106633,GCK,-0.0040895144144694,0.99595016,True,21632,True,high,DOWN in diabetic,False,1,0.0077202240311877,0,-0.34146425,0.98202,0.0040895144144694,1.5277777777777777,0.25,0.19,0.08,0.0,1.0,0.0,0.0
92,19_2543659_G_T,rs11881553,0.3154209905505893,ENSG00000099860,GADD45B,0.0025770962238311,0.991193,False,67537,True,medium,UP in diabetic,False,1,0.0087585442016266,0,0.6116155,206.221,0.0025770962238311,1.4768518518518519,0.08,0.1,0.3,0.0,0.0,1.0,0.0
93,7_150839593_T_C,rs7788808,0.2445335443101909,ENSG00000002726,AOC1,-0.0039942140380541,0.9914851,True,14966,True,high,DOWN in diabetic,False,1,0.0104129089759695,0,0.26459876,1.14944,0.0039942140380541,1.4166666666666667,0.1,0.18,0.14,0.0,1.0,0.0,0.0
94,5_102534436_G_A,rs145762933,0.2547076218425403,ENSG00000205359,SLCO6A1,0.0037270387013753,0.991193,True,35420,True,high,UP in diabetic,False,1,0.0159599932206539,0,0.34146425,0.0,0.0037270387013753,1.3935185185185186,0.08,0.14,0.18,0.0,1.0,0.0,0.0
95,22_48478498_C_T,rs13056230,0.2027013434602446,ENSG00000219438,TAFA5,0.0044067800045013,0.99089086,True,11055,True,high,UP in diabetic,False,1,0.0099422096611085,0,-0.24877495,,0.0044067800045013,1.324074074074074,0.06,0.25,0.02,0.0,1.0,0.0,0.0
96,10_101781296_C_T,rs149987320,0.3433876213425236,ENSG00000107831,FGF8,-0.0052709976832071,0.99888074,False,925,True,medium,DOWN in diabetic,False,1,-0.0089498476778574,0,0.862855,0.0,0.0052709976832071,1.2592592592592593,0.55,0.31,0.4,0.0,0.0,0.0,0.0
97,11_113675334_A_T,rs118074267,0.8158831788589238,ENSG00000166682,TMPRSS5,-0.0013839801152547,0.99853253,False,31039,True,medium,DOWN in diabetic,False,1,-0.009794784269653,0,-0.9205166,0.580698,0.0013839801152547,1.2407407407407407,0.48,0.08,0.68,0.0,0.0,0.0,0.0
98,13_53533448_G_T,rs9568868,0.2167288715994813,ENSG00000102837,OLFM4,-0.0026939983169237,0.99089086,True,504635,True,high,DOWN in diabetic,False,1,0.0094217702762085,0,-0.21673311,0.217129,0.0026939983169237,1.2407407407407407,0.06,0.11,0.07,0.0,1.0,0.0,0.0
99,7_150844111_C_A,rs116972354,0.9840604968831992,ENSG00000002726,AOC1,-0.0033295452594757,0.9914851,False,19484,True,medium,DOWN in diabetic,False,1,-0.0086898561544254,0,-0.531989,1.14944,0.0033295452594757,1.037037037037037,0.1,0.12,0.81,0.0,0.0,0.0,0.0
100,3_150348753_T_A,rs62271373,0.9813624026506804,ENSG00000196428,TSC22D2,-0.0011535386244455,0.99204075,False,59545,True,medium,DOWN in diabetic,False,1,0.0088605267110597,0,0.98214126,4.63649,0.0011535386244455,1.0,0.12,0.07,0.81,0.0,0.0,0.0,0.0
101,20_51541934_C_A,rs2235856,0.5016101620377441,ENSG00000101096,NFATC2,-0.0006388028462727,0.99581087,False,20897,True,medium,DOWN in diabetic,True,1,-0.0098316429013818,0,-0.356342,1.75382,0.0006388028462727,0.8611111111111112,0.24,0.05,0.57,0.0,0.0,0.0,0.0
102,15_40343658_C_T,rs71472431,0.339839562964924,ENSG00000188549,CCDC9B,0.0010041793187459,0.997013,False,2719,True,medium,UP in diabetic,False,1,-0.023456328767181,0,0.9601752,,0.0010041793187459,0.7592592592592593,0.31,0.06,0.39,0.0,0.0,0.0,0.0
103,3_14848233_C_A,rs1687294,0.2623064516098137,ENSG00000154783,FGD5,0.0043005943298339,0.9965802,False,37380,True,medium,UP in diabetic,False,1,-0.008503983155595,0,-0.084500186,1.1787,0.0043005943298339,0.7222222222222223,0.27,0.24,0.21,0.0,0.0,0.0,0.0
104,2_65056838_T_C,rs74181299,0.390430238504438,ENSG00000011523,CEP68,-0.0005386471748352,0.993716,False,484,True,medium,DOWN in diabetic,False,1,-0.0151420563742747,3,-0.600902,1.45947,0.0005386471748352,0.6712962962962963,0.16,0.04,0.47,0.0,0.0,0.0,0.0
105,7_150839499_T_C,rs4725960,0.251441442760043,ENSG00000002726,AOC1,-0.0042321284612019,0.994869,False,14872,True,medium,DOWN in diabetic,False,1,0.0104189634597918,0,-0.74676645,1.14944,0.0042321284612019,0.5925925925925926,0.2,0.23,0.16,0.0,0.0,0.0,0.0
106,11_2261503_A_C,rs11021988,0.3258406268779791,ENSG00000183734,ASCL2,0.0002588431040445,0.9928072,False,9085,True,medium,UP in diabetic,True,1,0.0123590707603821,0,0.45522588,0.549337,0.0002588431040445,0.49074074074074076,0.14,0.03,0.32,0.0,0.0,0.0,0.0
107,15_67731471_T_C,rs12050481,0.2819606973668929,ENSG00000188779,SKOR1,-0.000194231669108,0.9941265,False,88233,True,medium,DOWN in diabetic,True,1,0.0142271776314223,0,-0.600902,0.12524,0.000194231669108,0.4305555555555556,0.18,0.01,0.24,0.0,0.0,0.0,0.0
108,19_1237075_G_T,rs56265137,0.2615013187361252,ENSG00000099625,CBARP,-0.0001957615216573,0.9902553,False,952,True,medium,DOWN in diabetic,False,1,0.0087664995021117,0,0.94078827,0.180578,0.0001957615216573,0.24074074074074073,0.02,0.02,0.2,0.0,0.0,0.0,0.0
