variant_id,rsid,pip,gene_id,gene_name,hepatic_score,hepatic_q,cells_agree,distance_to_tss,significant,confidence,direction,is_TF
10_101781296_C_T,rs149987320,0.3433876213425236,ENSG00000107831,FGF8,-0.005270997683207194,0.99888074,False,925,True,medium,DOWN in diabetic,False
10_104388528_G_A,rs10883996,0.3038906300051511,ENSG00000120051,CFAP58,0.008957703908284506,0.9994119,False,34695,True,medium,UP in diabetic,False
10_69554950_G_C,rs537982442,1.0,ENSG00000122859,NEUROG3,-0.006221850713094075,0.9984297,True,18472,True,high,DOWN in diabetic,True
10_70887896_G_C,rs827241,0.3341514074848398,ENSG00000166228,PCBD1,-0.01760554313659668,0.9995515,False,669,True,medium,DOWN in diabetic,False
10_70888579_C_T,rs827237,0.3331480731422078,ENSG00000166228,PCBD1,0.011330900092919668,0.9995035,True,14,True,high,UP in diabetic,False
11_113675334_A_T,rs118074267,0.8158831788589238,ENSG00000166682,TMPRSS5,-0.00138398011525472,0.99853253,False,31039,True,medium,DOWN in diabetic,False
11_1675619_C_T,rs2334499,0.686985622947454,ENSG00000205864,KRTAP5-6,-0.0034751097361246743,0.9941265,True,21576,True,high,DOWN in diabetic,False
11_17393643_C_G,rs4148646,0.5417928068917486,ENSG00000187486,KCNJ11,0.016940951347351074,0.9994504,True,4312,True,high,UP in diabetic,False
11_2174751_T_C,rs10743152,0.3295456981339787,ENSG00000180176,TH,0.014953335126241049,0.9994504,True,2936,True,high,UP in diabetic,False
11_2261503_A_C,rs11021988,0.3258406268779791,ENSG00000183734,ASCL2,0.00025884310404459637,0.9928072,False,9085,True,medium,UP in diabetic,True
11_2887169_C_T,rs431222,0.5066137096848273,ENSG00000129757,CDKN1C,-0.005103847632805507,0.993716,True,1394,True,high,DOWN in diabetic,False
11_49154506_A_G,rs117109255,0.2576289183421175,ENSG00000086205,FOLH1,-0.007006168365478516,0.9935001,True,54132,True,high,DOWN in diabetic,False
11_627276_C_T,rs540205414,0.9965888352068,ENSG00000070031,SCT,0.27377311885356903,0.9999967,True,95,True,high,UP in diabetic,False
11_65638129_G_T,rs2306363,0.8858405326852323,ENSG00000213445,SIPA1,0.06509143610795338,0.99994123,True,28,True,high,UP in diabetic,False
11_67457697_G_A,rs199749736,0.9997557760104724,ENSG00000175514,GPR152,-0.005635420481363933,0.9973013,True,4968,True,high,DOWN in diabetic,False
11_69674650_C_A,rs185703700,1.0,ENSG00000149716,LTO1,-0.01432273785273234,0.99922884,True,766,True,high,DOWN in diabetic,False
11_72752390_G_A,rs7109575,0.377392154274588,ENSG00000186635,ARAP1,-0.007859967648983002,0.9979413,True,41209,True,high,DOWN in diabetic,False
11_92975544_C_G,rs10830963,1.0,ENSG00000134640,MTNR1B,0.04090348879496256,0.9998762,True,5893,True,high,UP in diabetic,False
11_92982947_C_A,rs12285500,0.9999999999998864,ENSG00000134640,MTNR1B,0.004873752593994141,0.9980761,True,13296,True,high,UP in diabetic,False
12_117977121_G_A,rs7132351,0.572961499691249,ENSG00000171435,KSR2,0.00498048464457194,0.99930334,False,8131,True,medium,UP in diabetic,False
12_120979503_C_T,rs80019595,0.9986770628925332,ENSG00000135100,HNF1A,0.008205403884251913,0.99711233,True,960,True,high,UP in diabetic,True
12_120994314_G_C,rs56348580,0.9740868851099682,ENSG00000135100,HNF1A,0.006107030824447672,0.9966939,True,15771,True,high,UP in diabetic,True
12_20426458_G_C,rs7488780,0.3171390098063886,ENSG00000172572,PDE3A,0.01123112440109253,0.99908656,True,57921,True,high,UP in diabetic,False
12_27475809_T_C,rs6487610,0.9389862778134092,ENSG00000165935,SMCO2,-0.006687164306640625,0.9953638,True,29073,True,high,DOWN in diabetic,False
12_4246442_C_T,rs189926680,0.9796970866048512,ENSG00000118971,CCND2,0.009351203838984171,0.9987184,True,23329,True,high,UP in diabetic,False
12_4275503_C_T,rs3217791,0.9999999077186644,ENSG00000285901,ENSG00000285901,0.004175424575805664,0.9902553,True,1741,True,high,UP in diabetic,False
12_65828372_C_G,rs1460121,0.999999999974051,ENSG00000149948,HMGA2,0.0008148550987243652,0.9905784,False,3912,True,medium,UP in diabetic,True
13_109140829_G_A,rs150813880,0.2052218121142513,ENSG00000041515,MYO16,0.00493160883585612,0.9981401,True,544677,True,high,UP in diabetic,False
13_26202862_A_G,rs34584161,0.8185319208933491,ENSG00000127870,RNF6,0.00881521279613177,0.99800986,True,19452,True,high,UP in diabetic,False
13_50519978_T_G,rs9316500,0.3392362517468904,ENSG00000186047,DLEU7,-0.004923582077026367,0.99876106,True,323961,True,high,DOWN in diabetic,False
13_50521959_A_T,rs963740,0.3844965208102913,ENSG00000186047,DLEU7,0.02239378293355306,0.99977976,True,321980,True,high,UP in diabetic,False
13_53533448_G_T,rs9568868,0.2167288715994813,ENSG00000102837,OLFM4,-0.002693998316923777,0.99089086,True,504635,True,high,DOWN in diabetic,False
14_76834520_C_T,rs2056857,0.769013451865183,ENSG00000100565,LRRC74A,0.006579796473185222,0.9980761,True,8148,True,high,UP in diabetic,False
15_40104990_C_G,rs34245505,0.9149013036166538,ENSG00000104081,BMF,0.004172717531522115,0.9946926,True,3902,True,high,UP in diabetic,False
15_40340937_A_T,rs4924455,0.3557224630347637,ENSG00000188549,CCDC9B,-0.02704044183095296,0.999691,True,2,True,high,DOWN in diabetic,False
15_40343658_C_T,rs71472431,0.339839562964924,ENSG00000188549,CCDC9B,0.001004179318745931,0.997013,False,2719,True,medium,UP in diabetic,False
15_67731471_T_C,rs12050481,0.2819606973668929,ENSG00000188779,SKOR1,-0.0001942316691080729,0.9941265,False,88233,True,medium,DOWN in diabetic,True
16_72054877_C_T,rs35254925,0.9901756443812744,ENSG00000257017,HP,0.0089426189661026,0.99902254,True,372,True,high,UP in diabetic,False
16_75200974_C_A,rs72802342,0.9977094844641524,ENSG00000168928,CTRB2,-0.0038220485051472983,0.9902553,True,6187,True,high,DOWN in diabetic,False
17_3924792_C_G,rs1043246,0.9998392982131006,ENSG00000108405,P2RX1,-0.01294618844985962,0.9995035,False,8316,True,medium,DOWN in diabetic,False
17_46864000_A_G,rs2165846,0.9798617240417128,ENSG00000158955,WNT9B,0.003825982411702474,0.99256027,True,30799,True,high,UP in diabetic,False
17_68457164_C_G,rs71378928,0.3157985063552221,ENSG00000070540,WIPI1,-0.014463211099306742,0.9994687,True,349,True,high,DOWN in diabetic,False
17_7651218_T_C,rs1050528,0.9999999999998864,ENSG00000129244,ATP1B2,0.004214783509572347,0.9991748,False,4591,True,medium,UP in diabetic,False
17_78131350_G_C,rs383603,0.9997296703149048,ENSG00000167895,TMC8,-0.02219267686208089,0.99952,True,580,True,high,DOWN in diabetic,False
18_32092229_C_A,rs531385319,0.420798646704729,ENSG00000134758,RNF138,0.005433171521872282,0.9973013,True,355,True,high,UP in diabetic,False
18_32177620_T_G,rs1482682068,0.545288426080077,ENSG00000141434,MEP1B,0.025232712427775066,0.99963397,True,7449,True,high,UP in diabetic,False
18_59216087_T_G,rs7243357,0.2633422128560403,ENSG00000134443,GRP,-0.007723132769266765,0.997013,True,4071,True,high,DOWN in diabetic,False
19_1233053_A_C,rs36001015,0.2166744562323396,ENSG00000099625,CBARP,0.0100020964940389,0.99911696,True,4974,True,high,UP in diabetic,False
19_1236709_C_A,rs76096449,0.2602565712291745,ENSG00000099625,CBARP,-0.01893007755279541,0.9994687,True,1318,True,high,DOWN in diabetic,False
19_1237075_G_T,rs56265137,0.2615013187361252,ENSG00000099625,CBARP,-0.00019576152165730795,0.9902553,False,952,True,medium,DOWN in diabetic,False
19_2543659_G_T,rs11881553,0.3154209905505893,ENSG00000099860,GADD45B,0.0025770962238311768,0.991193,False,67537,True,medium,UP in diabetic,False
19_44893408_G_T,rs59007384,0.32827029281371,ENSG00000130204,TOMM40,0.0025034298499425254,0.99787045,False,2839,True,medium,UP in diabetic,False
1_116990168_C_T,rs1127215,0.992587202216235,ENSG00000134256,CD101,-0.01989897092183431,0.99968034,True,11582,True,high,DOWN in diabetic,False
1_117624255_C_T,rs10923360,0.264642061312287,ENSG00000183508,TENT5C,0.014629835883776346,0.99934894,True,18207,True,high,UP in diabetic,False
1_117624577_A_G,rs826403,0.307245893063256,ENSG00000183508,TENT5C,-0.005485301216443379,0.99831975,True,18529,True,high,DOWN in diabetic,False
1_155244682_A_G,rs12034326,0.3928901651883948,ENSG00000177628,GBA1,-0.02343472403784593,0.9996693,True,17,True,high,DOWN in diabetic,False
1_156236927_T_G,rs144847100,0.90508608031541,ENSG00000242252,BGLAP,0.011635243892669678,0.9986743,True,5257,True,high,UP in diabetic,False
1_213977102_T_A,rs17712208,0.668392273643485,ENSG00000117707,PROX1,-0.06528901619215806,0.9999432,True,6079,True,high,DOWN in diabetic,True
1_26280514_C_A,rs34824071,0.478328924873145,ENSG00000142669,SH3BGRL3,0.03486004968484243,0.99980104,True,428,True,high,UP in diabetic,False
1_26695422_G_C,rs114165349,0.458341691148397,ENSG00000117713,ARID1A,-0.01687603195508321,0.99943143,True,2186,True,high,DOWN in diabetic,False
20_33710480_C_T,rs13042148,0.2381042784100863,ENSG00000101417,PXMP4,0.005558987458546956,0.99711233,True,9839,True,high,UP in diabetic,False
20_33720469_C_T,rs67611724,0.2533406706972417,ENSG00000101417,PXMP4,-0.00983455777168274,0.9990551,True,150,True,high,DOWN in diabetic,False
20_44394715_G_A,rs191830490,0.919562394411982,ENSG00000101076,HNF4A,-0.01994267168144385,0.9998955,False,39016,True,medium,DOWN in diabetic,True
20_44627796_G_A,rs56062745,0.3454167818257018,ENSG00000196839,ADA,0.0038409034411112466,0.9914851,True,24456,True,high,UP in diabetic,False
20_51541934_C_A,rs2235856,0.5016101620377441,ENSG00000101096,NFATC2,-0.0006388028462727865,0.99581087,False,20897,True,medium,DOWN in diabetic,True
20_59032308_C_T,rs45551238,0.892095649823927,ENSG00000124172,ATP5F1E,0.020994508018096287,0.99963397,True,37,True,high,UP in diabetic,False
20_62642365_G_C,rs6122141,0.2166463632451102,ENSG00000101187,SLCO4A1,-0.029967188835144043,0.99970126,True,138,True,high,DOWN in diabetic,False
20_62642608_G_A,rs34885433,0.3620168250909925,ENSG00000101187,SLCO4A1,-0.023575345675150555,0.9999203,False,105,True,medium,DOWN in diabetic,False
20_64062966_G_T,rs35213536,0.2496213063823487,ENSG00000171703,TCEA2,-0.020993230243523914,0.9994504,True,13130,True,high,DOWN in diabetic,False
20_64064525_C_A,rs6062342,0.5033157532957727,ENSG00000171703,TCEA2,0.04763407756884893,0.9999118,True,14689,True,high,UP in diabetic,False
22_43928850_C_T,rs738408,0.2429302758025573,ENSG00000100344,PNPLA3,-0.0078639288743337,0.99566686,True,5058,True,high,DOWN in diabetic,False
22_48478498_C_T,rs13056230,0.2027013434602446,ENSG00000219438,TAFA5,0.004406780004501343,0.99089086,True,11055,True,high,UP in diabetic,False
2_119524439_C_T,rs2244214,0.9746687086817728,ENSG00000080293,SCTR,0.025703152020772297,0.9998077,True,862,True,high,UP in diabetic,False
2_164962511_A_T,rs72886118,0.5484784618220699,ENSG00000169507,SLC38A11,-0.006463368733723958,0.997013,True,6986,True,high,DOWN in diabetic,False
2_65056838_T_C,rs74181299,0.390430238504438,ENSG00000011523,CEP68,-0.0005386471748352051,0.993716,False,484,True,medium,DOWN in diabetic,False
2_65057097_A_T,rs2540949,0.3356159048117916,ENSG00000011523,CEP68,-0.0414886474609375,0.9998882,True,743,True,high,DOWN in diabetic,False
3_125200933_T_C,rs4679370,0.3079096850510043,ENSG00000221955,SLC12A8,-0.052908480167388916,0.99990237,True,11931,True,high,DOWN in diabetic,False
3_14848233_C_A,rs1687294,0.2623064516098137,ENSG00000154783,FGD5,0.004300594329833984,0.9965802,False,37380,True,medium,UP in diabetic,False
3_150348753_T_A,rs62271373,0.9813624026506804,ENSG00000196428,TSC22D2,-0.0011535386244455974,0.99204075,False,59545,True,medium,DOWN in diabetic,False
3_184276748_A_G,rs843371,0.2920582053276784,ENSG00000145194,ECE2,-0.0110472043355306,0.99837565,True,737,True,high,DOWN in diabetic,False
3_184278425_C_T,rs843372,0.4300082060695715,ENSG00000145194,ECE2,-0.009913444519042969,0.9980761,True,2414,True,high,DOWN in diabetic,False
3_186108951_T_G,rs869400,0.2084761414841979,ENSG00000244405,ETV5,-0.022688470780849457,0.99973917,True,1367,True,high,DOWN in diabetic,True
4_105145663_C_G,rs11729069,0.203494591691428,ENSG00000168769,TET2,0.006399919589360555,0.9974778,True,212,True,high,UP in diabetic,True
4_1065916_G_A,rs144654020,0.999440189543594,ENSG00000178222,RNF212,-0.00466616948445638,0.9988422,False,47648,True,medium,DOWN in diabetic,False
4_6302515_T_C,rs1046317,0.421039747775429,ENSG00000109501,WFS1,-0.005840830194453399,0.99756175,True,32666,True,high,DOWN in diabetic,False
5_102534436_G_A,rs145762933,0.2547076218425403,ENSG00000205359,SLCO6A1,0.0037270387013753257,0.991193,True,35420,True,high,UP in diabetic,False
5_77139179_G_A,rs7732130,0.374547734724301,ENSG00000132846,ZBED3,-0.008019477128982544,0.9994119,True,51894,True,high,DOWN in diabetic,True
6_160513793_C_T,rs3127570,0.291728401972785,ENSG00000198670,LPA,-0.008251696825027466,0.99566686,True,150482,True,high,DOWN in diabetic,False
6_39313680_A_C,rs34179517,0.501219657011712,ENSG00000124780,KCNK17,-0.017958919207255047,0.9998141,False,781,True,medium,DOWN in diabetic,False
6_43770093_A_G,rs1570360,0.9950827792018256,ENSG00000112715,VEGFA,0.0071713365614414215,0.9963409,True,91,True,high,UP in diabetic,False
6_56399929_T_C,rs643246,0.230360142395276,ENSG00000124749,COL21A1,0.029772748549779255,0.99982625,True,5835,True,high,UP in diabetic,False
7_102289389_G_T,rs187232969,0.243314583275566,ENSG00000160999,SH2B2,-0.007560531298319499,0.99911696,True,4298,True,high,DOWN in diabetic,False
7_150839499_T_C,rs4725960,0.251441442760043,ENSG00000002726,AOC1,-0.004232128461201985,0.994869,False,14872,True,medium,DOWN in diabetic,False
7_150839593_T_C,rs7788808,0.2445335443101909,ENSG00000002726,AOC1,-0.003994214038054149,0.9914851,True,14966,True,high,DOWN in diabetic,False
7_150844111_C_A,rs116972354,0.9840604968831992,ENSG00000002726,AOC1,-0.003329545259475708,0.9914851,False,19484,True,medium,DOWN in diabetic,False
7_28174995_A_C,rs10226758,1.0,ENSG00000153814,JAZF1,0.006548086802164714,0.99858135,False,5800,True,medium,UP in diabetic,True
7_44176538_G_A,rs2908290,0.223027622820743,ENSG00000106633,GCK,-0.004089514414469401,0.99595016,True,21632,True,high,DOWN in diabetic,False
7_44324927_G_A,rs149725176,0.200183315618767,ENSG00000058404,CAMK2B,0.032176971435546875,0.99973917,True,9650,True,high,UP in diabetic,False
7_44325263_C_G,rs111242776,0.2328364182811621,ENSG00000058404,CAMK2B,0.007494012514750163,0.998202,True,9314,True,high,UP in diabetic,False
7_90489966_T_C,rs17862206,0.4806359860311022,ENSG00000251154,PTTG1IP2,0.0040318965911865234,0.99089086,True,20327,True,high,UP in diabetic,False
8_117173494_A_G,rs11558471,0.9321362090521224,ENSG00000164756,SLC30A8,0.011786897977193197,0.9994687,True,223221,True,high,UP in diabetic,False
8_12936769_A_G,rs2947365,0.3719549562160257,ENSG00000250305,TRMT9B,-0.005468090375264485,0.9968039,True,8873,True,high,DOWN in diabetic,False
8_41631133_A_C,rs2977852,1.0,ENSG00000165066,NKX6-3,0.006949106852213542,0.99914634,False,19684,True,medium,UP in diabetic,True
8_41651058_C_A,rs13262861,0.996648272202022,ENSG00000165066,NKX6-3,-0.01445619265238444,0.9992545,True,241,True,high,DOWN in diabetic,True
9_4298589_G_A,rs35338539,0.552105072444569,ENSG00000107249,GLIS3,0.006409923235575358,0.99876106,False,49803,True,medium,UP in diabetic,True
X_129980808_G_A,rs180956060,0.974788988086966,ENSG00000085185,BCORL1,-0.03216254711151123,0.9997112,True,299,True,high,DOWN in diabetic,False
X_153635030_C_T,rs4898364,0.498686028327068,ENSG00000130829,DUSP9,0.008272296438614527,0.99962133,False,7462,True,medium,UP in diabetic,False
X_19437376_C_T,rs182488212,0.410393345049393,ENSG00000180815,MAP3K15,0.03390397628148397,0.99973917,True,78132,True,high,UP in diabetic,False
