convergence_node,status,p_push,fdr_push,from_level1_gene,level1_direction,contribution,path
SLC22A1,exploratory,0.0001994926462445932,0.3150107227297356,HNF1A,UP,0.027849139604459304,HNF1A --> SLC22A1
SLC22A1,exploratory,0.0001994926462445932,0.3150107227297356,HNF4A,DOWN,-0.01303512493302419,HNF4A --> SLC22A1
SLC22A1,exploratory,0.0001994926462445932,0.3150107227297356,PCBD1,DOWN,-6.447618658677077e-05,PCBD1 --> HNF1B --> HNF4A --> SLC22A1
SLC22A1,exploratory,0.0001994926462445932,0.3150107227297356,CAMK2B,UP,-4.62140258920003e-05,CAMK2B --> CREB1 --> HNF4A --> SLC22A1
SLC22A1,exploratory,0.0001994926462445932,0.3150107227297356,PROX1,DOWN,2.898262264242709e-05,PROX1 --> HIF1A --> PPARA --> SLC22A1
GPR39,exploratory,0.0002003379540676635,0.3150107227297356,HNF1A,UP,0.027845558581566135,HNF1A --> GPR39
GPR39,exploratory,0.0002003379540676635,0.3150107227297356,HNF4A,DOWN,-0.012950832337136007,HNF4A --> GPR39
GPR39,exploratory,0.0002003379540676635,0.3150107227297356,PCBD1,DOWN,-6.409147613807903e-05,PCBD1 --> HNF1B --> HNF4A --> GPR39
GPR39,exploratory,0.0002003379540676635,0.3150107227297356,CAMK2B,UP,-4.220220135139737e-05,CAMK2B --> CREB1 --> HNF4A --> GPR39
GPR39,exploratory,0.0002003379540676635,0.3150107227297356,PROX1,DOWN,3.0095216451678798e-05,PROX1 --> HIF1A --| SP1 --> GPR39
SERPINA7,exploratory,0.0002417580373981087,0.3150107227297356,HNF1A,UP,0.0338837693344697,HNF1A --> SERPINA7
SERPINA7,exploratory,0.0002417580373981087,0.3150107227297356,PCBD1,DOWN,-0.011155401631124,PCBD1 --> HNF1B --> SERPINA7
SERPINA7,exploratory,0.0002417580373981087,0.3150107227297356,HNF4A,DOWN,-0.0006830770689597081,HNF4A --> HNF1A --> SERPINA7
SERPINA7,exploratory,0.0002417580373981087,0.3150107227297356,PROX1,DOWN,2.34982081152795e-05,PROX1 --| NR5A2 --> HNF1A --> SERPINA7
SERPINA7,exploratory,0.0002417580373981087,0.3150107227297356,CAMK2B,UP,-6.143428307183253e-06,CAMK2B --| CTNNB1 --> HNF1A --> SERPINA7
SLC23A1,exploratory,0.0002417580373981087,0.3150107227297356,HNF1A,UP,0.0338837693344697,HNF1A --> SLC23A1
SLC23A1,exploratory,0.0002417580373981087,0.3150107227297356,PCBD1,DOWN,-0.011155401631124,PCBD1 --> HNF1B --> SLC23A1
SLC23A1,exploratory,0.0002417580373981087,0.3150107227297356,HNF4A,DOWN,-0.0006830770689597081,HNF4A --> HNF1A --> SLC23A1
SLC23A1,exploratory,0.0002417580373981087,0.3150107227297356,PROX1,DOWN,2.34982081152795e-05,PROX1 --| NR5A2 --> HNF1A --> SLC23A1
SLC23A1,exploratory,0.0002417580373981087,0.3150107227297356,CAMK2B,UP,-6.143428307183253e-06,CAMK2B --| CTNNB1 --> HNF1A --> SLC23A1
HDAC4,exploratory,0.0003084828939808561,0.32156256868564437,BCORL1,DOWN,-0.06455020048979035,BCORL1 --> HDAC4
HDAC4,exploratory,0.0003084828939808561,0.32156256868564437,CAMK2B,UP,-0.03490696826854069,CAMK2B --| HDAC4
HDAC4,exploratory,0.0003084828939808561,0.32156256868564437,HNF4A,DOWN,5.599227329108564e-05,HNF4A --> APC --> GSK3B --| HDAC4
HDAC4,exploratory,0.0003084828939808561,0.32156256868564437,ETV5,DOWN,1.5805410184303494e-05,ETV5 --> CAV1 --| PPP2CA --> HDAC4
HDAC4,exploratory,0.0003084828939808561,0.32156256868564437,ARAP1,DOWN,6.970563169387485e-06,ARAP1 --| CDC42 --| GSK3B --| HDAC4
AKR1C4,exploratory,0.0003913039779735558,0.3399127221996954,HNF1A,UP,0.021566171766785654,HNF1A --> AKR1C4
AKR1C4,exploratory,0.0003913039779735558,0.3399127221996954,HNF4A,DOWN,-0.010327439013177911,HNF4A --> AKR1C4
AKR1C4,exploratory,0.0003913039779735558,0.3399127221996954,PCBD1,DOWN,-0.007104412754712482,PCBD1 --> HNF1B --> AKR1C4
AKR1C4,exploratory,0.0003913039779735558,0.3399127221996954,CAMK2B,UP,-3.3587885874107654e-05,CAMK2B --> CREB1 --> HNF4A --> AKR1C4
AKR1C4,exploratory,0.0003913039779735558,0.3399127221996954,PROX1,DOWN,2.1226056128545303e-05,PROX1 --| NR5A2 --> HNF1A --> AKR1C4
CYFIP1,exploratory,0.0004899671068748918,0.364815508718848,ARAP1,DOWN,0.004060932299409803,ARAP1 --| RAC1 --> CYFIP1
CYFIP1,exploratory,0.0004899671068748918,0.364815508718848,FGD5,UP,0.0034447170721049235,FGD5 --> RAC1 --> CYFIP1
CYFIP1,exploratory,0.0004899671068748918,0.364815508718848,HNF4A,DOWN,-0.00026008622102666055,HNF4A --> RAC1 --> CYFIP1
CYFIP1,exploratory,0.0004899671068748918,0.364815508718848,SH2B2,DOWN,-0.0002532806914557455,SH2B2 --> VAV2 --> RAC1 --> CYFIP1
CYFIP1,exploratory,0.0004899671068748918,0.364815508718848,NFATC2,DOWN,2.613849455867578e-05,NFATC2 --> ATM --> HIF1A --> RAC1 --> CYFIP1
NPC1L1,exploratory,0.0006672961556747111,0.36569860752485045,HNF1A,UP,0.02411849557080408,HNF1A --> NPC1L1
NPC1L1,exploratory,0.0006672961556747111,0.36569860752485045,HNF4A,DOWN,-0.01106832808949664,HNF4A --> NPC1L1
NPC1L1,exploratory,0.0006672961556747111,0.36569860752485045,PCBD1,DOWN,-5.5237232159271984e-05,PCBD1 --> HNF1B --> HNF4A --> NPC1L1
NPC1L1,exploratory,0.0006672961556747111,0.36569860752485045,JAZF1,UP,-3.8528627543781054e-05,JAZF1 --| MEF2C --> PPARGC1A --> NPC1L1
NPC1L1,exploratory,0.0006672961556747111,0.36569860752485045,CAMK2B,UP,3.517745304845685e-05,CAMK2B --> CREB1 --> HNF4A --> NPC1L1
LIPC,exploratory,0.0008213602822681642,0.36569860752485045,HNF1A,UP,0.019692547347423896,HNF1A --> LIPC
LIPC,exploratory,0.0008213602822681642,0.36569860752485045,HNF4A,DOWN,-0.00938526434436597,HNF4A --> LIPC
LIPC,exploratory,0.0008213602822681642,0.36569860752485045,CAMK2B,UP,-6.44300821057356e-05,CAMK2B --> CREB1 --> HNF4A --> LIPC
LIPC,exploratory,0.0008213602822681642,0.36569860752485045,PCBD1,DOWN,-4.7090640305341665e-05,PCBD1 --> HNF1B --> HNF4A --> LIPC
LIPC,exploratory,0.0008213602822681642,0.36569860752485045,PROX1,DOWN,2.149176941933033e-05,PROX1 --| NR5A2 --> HNF1A --> LIPC
UGT1A9,exploratory,0.0008478252856093709,0.36569860752485045,HNF1A,UP,0.01969431744286655,HNF1A --> UGT1A9
UGT1A9,exploratory,0.0008478252856093709,0.36569860752485045,HNF4A,DOWN,-0.009252602205339782,HNF4A --> UGT1A9
UGT1A9,exploratory,0.0008478252856093709,0.36569860752485045,PCBD1,DOWN,-4.6276240273103824e-05,PCBD1 --> HNF1B --> HNF4A --> UGT1A9
UGT1A9,exploratory,0.0008478252856093709,0.36569860752485045,PROX1,DOWN,2.0464537327727274e-05,PROX1 --> HIF1A --> PPARA --> UGT1A9
UGT1A9,exploratory,0.0008478252856093709,0.36569860752485045,NFATC2,DOWN,-1.7892112283585686e-05,NFATC2 --> ATM --> HNF1A --> UGT1A9
KIF12,exploratory,0.0009416729149003255,0.36569860752485045,PCBD1,DOWN,-0.011155603127508715,PCBD1 --> HNF1B --> KIF12
KIF12,exploratory,0.0009416729149003255,0.36569860752485045,RNF138,UP,-0.003504137500608323,RNF138 --| TCF7L2 --> KIF12
KIF12,exploratory,0.0009416729149003255,0.36569860752485045,HNF4A,DOWN,-0.0007234910690299197,HNF4A --> HNF1B --> KIF12
KIF12,exploratory,0.0009416729149003255,0.36569860752485045,BCORL1,DOWN,0.00011307333322017074,BCORL1 --> CTBP1 --| TCF7L2 --> KIF12
KIF12,exploratory,0.0009416729149003255,0.36569860752485045,HNF1A,UP,1.166076673361295e-05,HNF1A --> CTNNB1 --> TCF7L2 --> KIF12
DPP4,exploratory,0.0010122863778011552,0.36569860752485045,HNF1A,UP,0.01955623073356972,HNF1A --> DPP4
DPP4,exploratory,0.0010122863778011552,0.36569860752485045,PCBD1,DOWN,0.0064390100989001,PCBD1 --> HNF1B --| DPP4
DPP4,exploratory,0.0010122863778011552,0.36569860752485045,ETV5,DOWN,0.0018413848706051376,ETV5 --> CAV1 --| DPP4
DPP4,exploratory,0.0010122863778011552,0.36569860752485045,HNF4A,DOWN,0.00019765197653344015,HNF4A --> HNF1A --> DPP4
DPP4,exploratory,0.0010122863778011552,0.36569860752485045,NFATC2,DOWN,1.9457467413500642e-05,NFATC2 --> MYC --| DPP4
HNF1B,exploratory,0.001021738164708729,0.36569860752485045,PCBD1,DOWN,-0.18930134152117847,PCBD1 --> HNF1B
HNF1B,exploratory,0.001021738164708729,0.36569860752485045,HNF4A,DOWN,-0.00854070383290549,HNF4A --> HNF1B
HNF1B,exploratory,0.001021738164708729,0.36569860752485045,HNF1A,UP,0.00011828586032584993,HNF1A --> HNF4A --> HNF1B
HNF1B,exploratory,0.001021738164708729,0.36569860752485045,JAZF1,UP,-4.6910337897937254e-05,JAZF1 --| MEF2C --> NR2F1 --> HNF1B
HNF1B,exploratory,0.001021738164708729,0.36569860752485045,CAMK2B,UP,-4.244846784545073e-05,CAMK2B --> CREB1 --> HNF4A --> HNF1B
SLC5A1,exploratory,0.0010557645975759948,0.36569860752485045,HNF1A,UP,0.023959791629144914,HNF1A --> SLC5A1
SLC5A1,exploratory,0.0010557645975759948,0.36569860752485045,PCBD1,DOWN,-0.007888213551259626,PCBD1 --> HNF1B --> SLC5A1
SLC5A1,exploratory,0.0010557645975759948,0.36569860752485045,HNF4A,DOWN,-0.0004838548996824575,HNF4A --> HNF1A --> SLC5A1
SLC5A1,exploratory,0.0010557645975759948,0.36569860752485045,PROX1,DOWN,8.610318477602889e-06,PROX1 --> HIF1A --| SP1 --> SLC5A1
SLC5A1,exploratory,0.0010557645975759948,0.36569860752485045,CAMK2B,UP,-5.495754220782785e-06,CAMK2B --> CREB1 --> NR3C1 --> SLC5A1
GSTA1,exploratory,0.0010765585287726572,0.36569860752485045,HNF1A,UP,-0.023959501510666947,HNF1A --| GSTA1
GSTA1,exploratory,0.0010765585287726572,0.36569860752485045,PCBD1,DOWN,0.007888173669497662,PCBD1 --> HNF1B --| GSTA1
GSTA1,exploratory,0.0010765585287726572,0.36569860752485045,HNF4A,DOWN,0.0004976792209039102,HNF4A --> HNF1A --| GSTA1
GSTA1,exploratory,0.0010765585287726572,0.36569860752485045,ETV5,DOWN,-0.00016295347959536385,ETV5 --> PTGS2 --| KEAP1 --| GSTA1
GSTA1,exploratory,0.0010765585287726572,0.36569860752485045,ARID1A,DOWN,0.00011786634101827346,ARID1A --> TP53 --| GSTA1
SERPINA6,exploratory,0.001189979971663543,0.36569860752485045,HNF1A,UP,0.021429894879396567,HNF1A --> SERPINA6
SERPINA6,exploratory,0.001189979971663543,0.36569860752485045,PCBD1,DOWN,-0.00738353759459607,PCBD1 --> HNF1B --> SERPINA6
SERPINA6,exploratory,0.001189979971663543,0.36569860752485045,HNF4A,DOWN,-0.0004419036787549932,HNF4A --> HNF1A --> SERPINA6
SERPINA6,exploratory,0.001189979971663543,0.36569860752485045,CCND2,UP,3.0890980632134154e-05,CCND2 --> CDK4 --> FOXM1 --> SERPINA6
SERPINA6,exploratory,0.001189979971663543,0.36569860752485045,PROX1,DOWN,1.9488839668375493e-05,PROX1 --> HIF1A --> FOXM1 --> SERPINA6
NR5A2,exploratory,0.0011928005233926434,0.36569860752485045,PROX1,DOWN,0.03580671127745184,PROX1 --| NR5A2
NR5A2,exploratory,0.0011928005233926434,0.36569860752485045,HNF1A,UP,0.013513650319274527,HNF1A --> NR5A2
NR5A2,exploratory,0.0011928005233926434,0.36569860752485045,CAMK2B,UP,0.00014728313545442354,CAMK2B --> CREB1 --> NR5A2
NR5A2,exploratory,0.0011928005233926434,0.36569860752485045,ARID1A,DOWN,-0.00011224868298433495,ARID1A --> AR --> NR5A2
NR5A2,exploratory,0.0011928005233926434,0.36569860752485045,HNF4A,DOWN,-9.620595779493797e-05,HNF4A --> AR --> NR5A2
SERPINA1,exploratory,0.0015552679238201494,0.4016889544325057,HNF1A,UP,0.013964200924917054,HNF1A --> SERPINA1
SERPINA1,exploratory,0.0015552679238201494,0.4016889544325057,HNF4A,DOWN,-0.006694120823173725,HNF4A --> SERPINA1
SERPINA1,exploratory,0.0015552679238201494,0.4016889544325057,PCBD1,DOWN,-0.004797997675065599,PCBD1 --> HNF1B --> SERPINA1
SERPINA1,exploratory,0.0015552679238201494,0.4016889544325057,CAMK2B,UP,-0.00013083586495692267,CAMK2B --| CTNNB1 --> SERPINA1
SERPINA1,exploratory,0.0015552679238201494,0.4016889544325057,JAZF1,UP,-1.3858704926091751e-05,JAZF1 --| MEF2C --> CTNNB1 --> SERPINA1
TTR,exploratory,0.0015809748316518873,0.4016889544325057,HNF1A,UP,0.012894775191548928,HNF1A --> TTR
TTR,exploratory,0.0015809748316518873,0.4016889544325057,HNF4A,DOWN,-0.006194713977565173,HNF4A --> TTR
TTR,exploratory,0.0015809748316518873,0.4016889544325057,PCBD1,DOWN,-0.004451343390402717,PCBD1 --> HNF1B --> TTR
TTR,exploratory,0.0015809748316518873,0.4016889544325057,ARID1A,DOWN,-0.0008538146923454037,ARID1A --> SMARCA1 --> TTR
TTR,exploratory,0.0015809748316518873,0.4016889544325057,CCND2,UP,1.8763897739997483e-05,CCND2 --> CDK4 --> FOXM1 --> TTR
CHD2,exploratory,0.0018474093105882825,0.4016889544325057,NFATC2,DOWN,-0.0012175432883698724,NFATC2 --> PARP1 --> CHD2
CHD2,exploratory,0.0018474093105882825,0.4016889544325057,ETV5,DOWN,0.0012073890870133287,ETV5 --> PARG --| PARP1 --> CHD2
CHD2,exploratory,0.0018474093105882825,0.4016889544325057,PROX1,DOWN,0.00010835189006466614,PROX1 --> SUMO1 --| PARP1 --> CHD2
CHD2,exploratory,0.0018474093105882825,0.4016889544325057,VEGFA,UP,3.867361195721724e-05,VEGFA --> EGFR --> PARP1 --> CHD2
CHD2,exploratory,0.0018474093105882825,0.4016889544325057,ARID1A,DOWN,-1.681828027962537e-05,ARID1A --> AR --> PARP1 --> CHD2
CHD1L,exploratory,0.0018474093105882825,0.4016889544325057,NFATC2,DOWN,-0.0012175432883698724,NFATC2 --> PARP1 --> CHD1L
CHD1L,exploratory,0.0018474093105882825,0.4016889544325057,ETV5,DOWN,0.0012073890870133287,ETV5 --> PARG --| PARP1 --> CHD1L
CHD1L,exploratory,0.0018474093105882825,0.4016889544325057,PROX1,DOWN,0.00010835189006466614,PROX1 --> SUMO1 --| PARP1 --> CHD1L
CHD1L,exploratory,0.0018474093105882825,0.4016889544325057,VEGFA,UP,3.867361195721724e-05,VEGFA --> EGFR --> PARP1 --> CHD1L
CHD1L,exploratory,0.0018474093105882825,0.4016889544325057,ARID1A,DOWN,-1.681828027962537e-05,ARID1A --> AR --> PARP1 --> CHD1L
APTX,exploratory,0.0018474093105882825,0.4016889544325057,NFATC2,DOWN,-0.0012175432883698724,NFATC2 --> PARP1 --> APTX
APTX,exploratory,0.0018474093105882825,0.4016889544325057,ETV5,DOWN,0.0012073890870133287,ETV5 --> PARG --| PARP1 --> APTX
APTX,exploratory,0.0018474093105882825,0.4016889544325057,PROX1,DOWN,0.00010835189006466614,PROX1 --> SUMO1 --| PARP1 --> APTX
APTX,exploratory,0.0018474093105882825,0.4016889544325057,VEGFA,UP,3.867361195721724e-05,VEGFA --> EGFR --> PARP1 --> APTX
APTX,exploratory,0.0018474093105882825,0.4016889544325057,ARID1A,DOWN,-1.681828027962537e-05,ARID1A --> AR --> PARP1 --> APTX
RAC1,exploratory,0.0019897756145345457,0.4016889544325057,ARAP1,DOWN,0.04061333397155267,ARAP1 --| RAC1
RAC1,exploratory,0.0019897756145345457,0.4016889544325057,FGD5,UP,0.034449693213568645,FGD5 --> RAC1
RAC1,exploratory,0.0019897756145345457,0.4016889544325057,HNF4A,DOWN,-0.002612752237814042,HNF4A --> RAC1
RAC1,exploratory,0.0019897756145345457,0.4016889544325057,SH2B2,DOWN,-0.0025284418390078213,SH2B2 --> VAV2 --> RAC1
RAC1,exploratory,0.0019897756145345457,0.4016889544325057,NFATC2,DOWN,0.000269928103018534,NFATC2 --> ATM --> HIF1A --> RAC1
UQCRB,exploratory,0.0023994389176673274,0.4016889544325057,PROX1,DOWN,0.0028667810838724143,PROX1 --| NR5A2 --> UQCRB
UQCRB,exploratory,0.0023994389176673274,0.4016889544325057,HNF1A,UP,0.0010819737378795077,HNF1A --> NR5A2 --> UQCRB
UQCRB,exploratory,0.0023994389176673274,0.4016889544325057,CAMK2B,UP,1.2020254954584358e-05,CAMK2B --> CREB1 --> NR5A2 --> UQCRB
UQCRB,exploratory,0.0023994389176673274,0.4016889544325057,ARID1A,DOWN,-8.845329412072966e-06,ARID1A --> AR --> NR5A2 --> UQCRB
UQCRB,exploratory,0.0023994389176673274,0.4016889544325057,HNF4A,DOWN,-7.644014256518128e-06,HNF4A --> AR --> NR5A2 --> UQCRB
DIAPH2,exploratory,0.0023994389176673274,0.4016889544325057,PROX1,DOWN,0.0028667810838724143,PROX1 --| NR5A2 --> DIAPH2
DIAPH2,exploratory,0.0023994389176673274,0.4016889544325057,HNF1A,UP,0.0010819737378795077,HNF1A --> NR5A2 --> DIAPH2
DIAPH2,exploratory,0.0023994389176673274,0.4016889544325057,CAMK2B,UP,1.2020254954584358e-05,CAMK2B --> CREB1 --> NR5A2 --> DIAPH2
DIAPH2,exploratory,0.0023994389176673274,0.4016889544325057,ARID1A,DOWN,-8.845329412072966e-06,ARID1A --> AR --> NR5A2 --> DIAPH2
DIAPH2,exploratory,0.0023994389176673274,0.4016889544325057,HNF4A,DOWN,-7.644014256518128e-06,HNF4A --> AR --> NR5A2 --> DIAPH2
PFKL,exploratory,0.0024149315548851087,0.4016889544325057,TET2,UP,-0.018633899812498248,TET2 --> OGT --| PFKL
PFKL,exploratory,0.0024149315548851087,0.4016889544325057,CCND2,UP,-0.004729284822123037,CCND2 --> CDK6 --| PFKL
PFKL,exploratory,0.0024149315548851087,0.4016889544325057,PROX1,DOWN,-0.0003384953409865226,PROX1 --> HIF1A --> PFKL
PFKL,exploratory,0.0024149315548851087,0.4016889544325057,TOMM40,UP,0.00012446566621438315,TOMM40 --| ATF5 --> CCND3 --| PFKL
PFKL,exploratory,0.0024149315548851087,0.4016889544325057,CAMK2B,UP,-7.391301770507629e-05,CAMK2B --> CREB1 --> CCND3 --| PFKL
FST,exploratory,0.002462721770280501,0.4016889544325057,NFATC2,DOWN,-0.012565032306640864,NFATC2 --> FST
FST,exploratory,0.002462721770280501,0.4016889544325057,HNF4A,DOWN,-0.0068177121664713455,HNF4A --> FST
FST,exploratory,0.002462721770280501,0.4016889544325057,RNF138,UP,-0.0014999229705090903,RNF138 --| TCF7L2 --> FST
FST,exploratory,0.002462721770280501,0.4016889544325057,ARID1A,DOWN,-0.0002627876797251944,ARID1A --> SMAD3 --> FST
FST,exploratory,0.002462721770280501,0.4016889544325057,HNF1A,UP,0.00014581797161561738,HNF1A --> CTNNB1 --> FST
LCAT,exploratory,0.0025638186273722508,0.4016889544325057,HP,UP,0.008505172717997146,HP --> APOA1 --> LCAT
LCAT,exploratory,0.0025638186273722508,0.4016889544325057,HNF1A,UP,-0.001355545017462764,HNF1A --| APOA1 --> LCAT
LCAT,exploratory,0.0025638186273722508,0.4016889544325057,HNF4A,DOWN,-0.0006851685860624808,HNF4A --> APOA1 --> LCAT
LCAT,exploratory,0.0025638186273722508,0.4016889544325057,NFATC2,DOWN,-4.814022547392559e-05,NFATC2 --> ATM --> SP1 --> LCAT
LCAT,exploratory,0.0025638186273722508,0.4016889544325057,PCBD1,DOWN,-2.4207436195176815e-05,PCBD1 --> HNF1B --> CREB1 --> STAT3 --> LCAT
NCKAP1,exploratory,0.0025663545508414617,0.4016889544325057,ARAP1,DOWN,0.002871512766852151,ARAP1 --| RAC1 --> NCKAP1
NCKAP1,exploratory,0.0025663545508414617,0.4016889544325057,FGD5,UP,0.002435782800954461,FGD5 --> RAC1 --> NCKAP1
NCKAP1,exploratory,0.0025663545508414617,0.4016889544325057,HNF4A,DOWN,-0.0001851082353944336,HNF4A --> RAC1 --> NCKAP1
NCKAP1,exploratory,0.0025663545508414617,0.4016889544325057,SH2B2,DOWN,-0.00017909649447197528,SH2B2 --> VAV2 --> RAC1 --> NCKAP1
NCKAP1,exploratory,0.0025663545508414617,0.4016889544325057,NFATC2,DOWN,1.8482706752447317e-05,NFATC2 --> ATM --> HIF1A --> RAC1 --> NCKAP1
FABP1,exploratory,0.0026311020165783847,0.4016889544325057,HNF1A,UP,0.017059989924840768,HNF1A --> FABP1
FABP1,exploratory,0.0026311020165783847,0.4016889544325057,HNF4A,DOWN,-0.008019363059664938,HNF4A --> FABP1
FABP1,exploratory,0.0026311020165783847,0.4016889544325057,PCBD1,DOWN,-4.684701725012978e-05,PCBD1 --> HNF1B --> HNF4A --> FABP1
FABP1,exploratory,0.0026311020165783847,0.4016889544325057,PROX1,DOWN,2.0368144673819446e-05,PROX1 --> HIF1A --> GATA4 --> FABP1
FABP1,exploratory,0.0026311020165783847,0.4016889544325057,JAZF1,UP,-8.800951373863157e-06,JAZF1 --| MEF2C --> PPARA --> FABP1
