gene,variant,pip,gene_change,enhancer,TF_binding_change
FGF8,rs149987320,0.3433876213425236,-0.0052709976832071,,
CFAP58,rs10883996,0.3038906300051511,0.0089577039082845,,"CEBPB(gain), CEBPA(gain), CEBPD(gain), FOSL2(gain)"
NEUROG3,rs537982442,1.0,-0.006221850713094,,
PCBD1,rs827241,0.3341514074848398,-0.0176055431365966,,"CHD2(loss), NONO(loss)"
PCBD1,rs827237,0.3331480731422078,0.0113309000929196,,NRF1(gain)
TMPRSS5,rs118074267,0.8158831788589238,-0.0013839801152547,,
KRTAP5-6,rs2334499,0.686985622947454,-0.0034751097361246,,
KCNJ11,rs4148646,0.5417928068917486,0.016940951347351,,"STAG1(loss), CTCF(loss), RAD21(loss)"
TH,rs10743152,0.3295456981339787,0.014953335126241,,
ASCL2,rs11021988,0.3258406268779791,0.0002588431040445,,
CDKN1C,rs431222,0.5066137096848273,-0.0051038476328055,,
FOLH1,rs117109255,0.2576289183421175,-0.0070061683654785,,
SCT,rs540205414,0.9965888352068,0.273773118853569,,"SKI(gain), TFAP4(gain)"
SIPA1,rs2306363,0.8858405326852323,0.0650914361079533,,
GPR152,rs199749736,0.9997557760104724,-0.0056354204813639,,
LTO1,rs185703700,1.0,-0.0143227378527323,,"ZFX(loss), ZFY(loss)"
ARAP1,rs7109575,0.377392154274588,-0.007859967648983,,"CEBPB(loss), CEBPA(loss), CEBPG(loss)"
MTNR1B,rs10830963,1.0,0.0409034887949625,,
MTNR1B,rs12285500,0.9999999999998864,0.0048737525939941,,
KSR2,rs7132351,0.572961499691249,0.0049804846445719,,"NR2F6(gain), ZNF460(loss)"
HNF1A,rs80019595,0.9986770628925332,0.0082054038842519,,
HNF1A,rs56348580,0.9740868851099682,0.0061070308244476,,
PDE3A,rs7488780,0.3171390098063886,0.0112311244010925,,CREB1(gain)
SMCO2,rs6487610,0.9389862778134092,-0.0066871643066406,,
CCND2,rs189926680,0.9796970866048512,0.0093512038389841,,"ZNF687(gain), FOXA1(gain), FOXA2(gain)"
ENSG00000285901,rs3217791,0.9999999077186644,0.0041754245758056,,EGR1(loss)
HMGA2,rs1460121,0.999999999974051,0.0008148550987243,,
MYO16,rs150813880,0.2052218121142513,0.0049316088358561,,
RNF6,rs34584161,0.8185319208933491,0.0088152127961317,OPENED in diabetic,"MAFF(gain), MAFK(gain), FOSL2(gain), NFE2L2(gain), JUND(gain)"
DLEU7,rs9316500,0.3392362517468904,-0.0049235820770263,,
DLEU7,rs963740,0.3844965208102913,0.022393782933553,OPENED in diabetic,"CEBPB(gain), CEBPA(gain), HLF(gain), CEBPG(gain)"
OLFM4,rs9568868,0.2167288715994813,-0.0026939983169237,,
LRRC74A,rs2056857,0.769013451865183,0.0065797964731852,,
BMF,rs34245505,0.9149013036166538,0.0041727175315221,,NFIA(gain)
CCDC9B,rs4924455,0.3557224630347637,-0.0270404418309529,,
CCDC9B,rs71472431,0.339839562964924,0.0010041793187459,,
SKOR1,rs12050481,0.2819606973668929,-0.000194231669108,,
HP,rs35254925,0.9901756443812744,0.0089426189661026,,
CTRB2,rs72802342,0.9977094844641524,-0.0038220485051472,,
P2RX1,rs1043246,0.9998392982131006,-0.0129461884498596,,"NR2F6(loss), PPARG(loss)"
WNT9B,rs2165846,0.9798617240417128,0.0038259824117024,,
WIPI1,rs71378928,0.3157985063552221,-0.0144632110993067,,"AGO2(gain), ZNF281(loss)"
ATP1B2,rs1050528,0.9999999999998864,0.0042147835095723,,
TMC8,rs383603,0.9997296703149048,-0.0221926768620808,,
RNF138,rs531385319,0.420798646704729,0.0054331715218722,,
MEP1B,rs1482682068,0.545288426080077,0.025232712427775,,"FOSL2(gain), FOXA3(gain), FOXA2(gain), FOXA1(gain)"
GRP,rs7243357,0.2633422128560403,-0.0077231327692667,,
CBARP,rs36001015,0.2166744562323396,0.0100020964940389,,
CBARP,rs76096449,0.2602565712291745,-0.0189300775527954,,
CBARP,rs56265137,0.2615013187361252,-0.0001957615216573,,
GADD45B,rs11881553,0.3154209905505893,0.0025770962238311,,
TOMM40,rs59007384,0.32827029281371,0.0025034298499425,,
CD101,rs1127215,0.992587202216235,-0.0198989709218343,,"MAFK(gain), MAFF(gain)"
TENT5C,rs10923360,0.264642061312287,0.0146298358837763,,
TENT5C,rs826403,0.307245893063256,-0.0054853012164433,,
GBA1,rs12034326,0.3928901651883948,-0.0234347240378459,,"NFYB(loss), NFYC(loss), PBX2(loss), SP2(loss), NFYA(loss)"
BGLAP,rs144847100,0.90508608031541,0.0116352438926696,,
PROX1,rs17712208,0.668392273643485,-0.065289016192158,CLOSED in diabetic,PAXIP1(loss)
SH3BGRL3,rs34824071,0.478328924873145,0.0348600496848424,,
ARID1A,rs114165349,0.458341691148397,-0.0168760319550832,CLOSED in diabetic,"HNF4A(loss), HNF4G(loss), NCOR1(loss), PAXIP1(loss)"
PXMP4,rs13042148,0.2381042784100863,0.0055589874585469,,"HNF4A(gain), SP1(loss), MAZ(loss)"
PXMP4,rs67611724,0.2533406706972417,-0.0098345577716827,,"USF1(gain), RAD51(gain), USF2(gain)"
HNF4A,rs191830490,0.919562394411982,-0.0199426716814438,CLOSED in diabetic,"NFIA(loss), FOSL2(loss)"
ADA,rs56062745,0.3454167818257018,0.0038409034411112,,"MNT(gain), HNF4A(gain), RARA(gain), SAP130(gain), USF1(gain), NR2F6(gain), MAX(gain)"
NFATC2,rs2235856,0.5016101620377441,-0.0006388028462727,,
ATP5F1E,rs45551238,0.892095649823927,0.0209945080180962,,
SLCO4A1,rs6122141,0.2166463632451102,-0.029967188835144,,NFYB(loss)
SLCO4A1,rs34885433,0.3620168250909925,-0.0235753456751505,,CREB1(loss)
TCEA2,rs35213536,0.2496213063823487,-0.0209932302435239,,
TCEA2,rs6062342,0.5033157532957727,0.0476340775688489,OPENED in diabetic,HNF4A(gain)
PNPLA3,rs738408,0.2429302758025573,-0.0078639288743337,,
TAFA5,rs13056230,0.2027013434602446,0.0044067800045013,,
SCTR,rs2244214,0.9746687086817728,0.0257031520207722,,
SLC38A11,rs72886118,0.5484784618220699,-0.0064633687337239,,
CEP68,rs74181299,0.390430238504438,-0.0005386471748352,,ZBTB40(gain)
CEP68,rs2540949,0.3356159048117916,-0.0414886474609375,,
SLC12A8,rs4679370,0.3079096850510043,-0.0529084801673889,CLOSED in diabetic,
FGD5,rs1687294,0.2623064516098137,0.0043005943298339,,
TSC22D2,rs62271373,0.9813624026506804,-0.0011535386244455,,
ECE2,rs843371,0.2920582053276784,-0.0110472043355306,,
ECE2,rs843372,0.4300082060695715,-0.0099134445190429,,
ETV5,rs869400,0.2084761414841979,-0.0226884707808494,,
TET2,rs11729069,0.203494591691428,0.0063999195893605,,
RNF212,rs144654020,0.999440189543594,-0.0046661694844563,CLOSED in diabetic,"SAP130(loss), FOSL2(loss), ZNF121(gain)"
WFS1,rs1046317,0.421039747775429,-0.0058408301944533,,
SLCO6A1,rs145762933,0.2547076218425403,0.0037270387013753,,
ZBED3,rs7732130,0.374547734724301,-0.0080194771289825,,RFX1(gain)
LPA,rs3127570,0.291728401972785,-0.0082516968250274,,
KCNK17,rs34179517,0.501219657011712,-0.017958919207255,,
VEGFA,rs1570360,0.9950827792018256,0.0071713365614414,,
COL21A1,rs643246,0.230360142395276,0.0297727485497792,OPENED in diabetic,"RBFOX2(gain), POLR2G(gain), SYNCRIP(loss)"
SH2B2,rs187232969,0.243314583275566,-0.0075605312983194,,
AOC1,rs4725960,0.251441442760043,-0.0042321284612019,,
AOC1,rs7788808,0.2445335443101909,-0.0039942140380541,,
AOC1,rs116972354,0.9840604968831992,-0.0033295452594757,,
JAZF1,rs10226758,1.0,0.0065480868021647,,ZNF24(loss)
GCK,rs2908290,0.223027622820743,-0.0040895144144694,,
CAMK2B,rs149725176,0.200183315618767,0.0321769714355468,,ZNF281(gain)
CAMK2B,rs111242776,0.2328364182811621,0.0074940125147501,,
PTTG1IP2,rs17862206,0.4806359860311022,0.0040318965911865,,
SLC30A8,rs11558471,0.9321362090521224,0.0117868979771931,,
TRMT9B,rs2947365,0.3719549562160257,-0.0054680903752644,,
NKX6-3,rs2977852,1.0,0.0069491068522135,,
NKX6-3,rs13262861,0.996648272202022,-0.0144561926523844,,
GLIS3,rs35338539,0.552105072444569,0.0064099232355753,,
BCORL1,rs180956060,0.974788988086966,-0.0321625471115112,,"RAD51(gain), ZBTB40(gain), ATF2(gain), ATF7(gain), ZNF281(loss), FOXA2(gain)"
DUSP9,rs4898364,0.498686028327068,0.0082722964386145,,"RBFOX2(gain), NONO(gain)"
MAP3K15,rs182488212,0.410393345049393,0.0339039762814839,,
